AdminID,Username,PasswordHash,LastLogin
1,charleswalker,55156930430da1a95772162f29ca802a91d5eca77c852407a49185c5c2c5e360,2025-02-12 04:37:08
2,mwilliams,5c073155f0114a5e4611fd30a622c7ca758bbf911f4f4035118055f58fcf0d7b,2025-01-08 09:31:40
3,mariosoto,321f346c3a8de9859d994ae70cf1a8215c199f86b65150dbcc8f11d0226dad79,2025-03-05 09:23:11
4,esparks,c73abada6b51c0470a722c5abd80e6434e91298cc133eca89b3c445ac0637a31,2025-06-30 20:31:47
5,ymurphy,00217876e436979050b0c2d6a934684350552ad8a50076eb725461335d99040e,2025-05-07 10:54:21
6,ballardjennifer,00762dc64b7e7e5a03e16ae49443b75cc9e2b31f43e83e36c4d2459c0132b1ee,2025-10-12 17:14:09
7,barry15,c9fff3c35de696d7a11de5e169a106c89bcb466013471f20fdf410cbe945e4c0,2025-07-05 14:31:02
8,jennifer19,7929c578ffa5ca958b01b09ee62e0c766ec267b958f5231c122298e82427b795,2025-05-27 06:05:48
9,xmiller,5f734618b0553124ad88dbc5bbb1d68c6cb844973ba3724b1535c0ecd5ad1007,2025-01-26 12:27:25
10,donald10,9d8e0718dd8b9a24d68b29cf6ccf80ad23f617736c84b3208789577a183f2e47,2025-11-02 16:04:49
11,joshua97,7e2d3f842b8b010581f0bae3ea1e63b070325b66427b5efb562a76304dde94a7,2025-01-09 23:16:40
12,rachel61,52816833c539517fe51c1422421fa6a576cceb63f999ead3d39f2e862144f1a5,2025-11-17 19:44:00
13,melaniegibson,3554442341a0134270df087389db00bd77655365e2b75217d85be1636a5fdc0b,2025-10-27 04:00:56
14,usmith,4222ac1d046a51392915f02e6d876b2225fe9cf0bcfe78d3799a267ec29db018,2025-03-10 09:31:56
15,benderheather,35f7a6549c5f9260f46447baec15314d537f6bd1e5661364c8f7082f048cf4b7,2025-05-10 14:53:23
16,howellrenee,c892744416b85abacd9d74aa485c74b26038932dc2f834f7455a66d212c1b2c6,2025-05-19 19:10:50
17,cody12,ebf100479c7a0cde668fa4f0a88f60447c626ef89e60af16f9e438715a9d38de,2025-03-14 05:28:45
18,dixondavid,8c62ab35e5a35b0d997089bb12d3e2ac9138a5bd1d6eb274b08db55ec8295638,2025-10-18 21:05:35
19,james57,869f4aff6d4530a1e810eefa7934e0627a9f74d049ff83765cf6cdb72d472715,2025-03-27 13:38:06
20,isullivan,9a871dc335c2f841a9233c8feb4fb31543e4de5fb8b5c30e9ccb5a502863b91f,2025-08-05 09:33:01
21,lisa12,a86696de9004f5cdcbc6727ff5ef31249734fdc38bdd302ee4382be37e1a477c,2025-05-08 06:53:52
22,troy53,777708c2ce114b515972b7807f77ad5495dbbe49d32e5d2149972e1354ace367,2025-08-05 23:49:39
23,nshepherd,d2ebacb7384babd7a451d50031b323ee69e597898f5db4e732177a10a3f41a2d,2025-03-15 15:11:29
24,alyssadean,0cb05c2f6181f7dff129e42e7d0f616230fe1eccf65dab1cda617626a4700b2a,2025-05-18 07:16:29
25,kyle38,2fa1c9985b497ea84a343f64b4326aeb129c7ddf31568d755df426c22c059dc2,2025-08-18 12:16:02
26,debrasmith,158d2bb337bb7930a9d43703f393c44f85f859aa546914c738d7f0a008100e36,2025-05-30 17:45:45
27,wdrake,4f735c9795cd7af4f271c3fcba8bcf00a4348f7910076f7d959122f80b29ebf9,2025-11-11 23:20:25
28,ericasmith,74532d2fe98c9034fa0d7ed86a873751e5b1c53c2227eff11f741c3799e25ac8,2025-03-08 07:01:28
29,kreynolds,964e7bfa34230c6dbbcffb0df703a3b7a70160ac74ae6e550d708e8657037aa1,2025-08-15 06:50:44
30,erica31,4c27f0542b604758b41867fea0fa43c77a842e7b0f8e45e36c36e6ef419fabed,2025-03-22 15:45:49
31,nmoran,c34aa60fbac70cddc1eff53dcf4903a7892b0b63f42a48564a5c373e71589d7c,2025-11-10 07:27:25
32,joseph27,ec654fa56a7d1e10458012c6fb88d2adf5edc0936a3aee665c16d335963f8249,2025-03-10 22:25:22
33,tammyrose,9282912942c5791a0c0d091940fcee9a57d5d2c1ab0a63f318741a4a04a044af,2025-07-17 06:21:35
34,edgar31,03a6665d2919ac8bdbbe8f304d8a2996e92a66bd840ce91a7ea991d85719bf4f,2025-08-07 15:47:34
35,arthurgay,3001c04a9f6ed806036a22d878b3e559a9c89bdeb61abe9d094a3f02ba012984,2025-03-20 12:31:23
36,owilliams,4cfaf2200878f5e47e5cdb114f30d069d9e7ba5916e47f4eab9cfca816c3f0f4,2025-06-07 07:16:34
37,eugene56,1dbf0db0d91eaa97d912fbe3b1ed3a64eabba4472a2843eac0707fee5ae3f8f6,2025-08-23 18:31:13
38,larry39,115124c927f84dab5d34862dc04040f1a8a21f6d3a07565c56b079f624232427,2025-10-05 04:49:18
39,gabriel84,ac0c78c210e0972416a8c34bd5f7caf37a05fbf27423661c59f0391ad10af708,2025-05-19 07:05:39
40,piercedavid,28ab1c00c06efcbb59088589a6d5502eb2a084176ab5586e05d229b9ac1939c0,2025-08-09 12:29:26
41,sho,4bc7610d4c0684706b0cc37c3898674c817e512ead901ea3a580b663118a1674,2025-11-11 11:02:16
42,kathleenkramer,aeef0573ee487f6a633b8122993c817fce1585c271b71408cb5f19f6155472b7,2025-05-31 20:24:54
43,yoderkathy,4e5914c7ebbbec2ff0d31d1bca58c2602cb5132327892fc6f48f9c654532db9d,2025-04-18 07:58:04
44,tinahart,fa6847184783d82c599ea0235201b133cb506b0013859cb2d0c1e83fe028e59e,2025-07-07 23:17:10
45,vgarner,a944bfad7eabea59b57a2d6dd77b46c1c6ec93a30dc021b2ec01af661b1995fe,2025-08-04 07:35:35
46,thomaswood,b47f72c53581d7242c23756d6d1f4fd38840c148cb1d18bf0c849ecbfaf2cadb,2025-04-08 22:34:10
47,ashley42,229146e9aea28585f97438c53af99d01549b8b6171e49904a0f171a3f5bda02f,2025-09-01 00:54:42
48,nicholas68,4d6e6a97d197ede4779c2a579d24e33a569ff605593c1370320ff558c871a767,2025-05-21 21:32:22
49,karamontoya,72a239516d85865f313666ebfd246a9b4f8a73cdc5df1428dc75653d9705ce37,2025-04-30 15:00:11
50,david79,cfc2524ce5c0dbd723aa27a5c79632791b243e07977fdb24fa0434be6ca40ae1,2025-01-28 14:05:21
