MenuItemID,OrderID
9077,5854
2010,6598
3959,1058
252,1212
2066,8160
5770,1516
3010,7277
1117,3197
8610,9761
9581,8480
7666,714
2624,5854
9912,2368
99,1381
7886,2121
9602,9097
6847,8837
2848,323
6895,2245
3001,6526
513,3500
6175,5535
51,8206
5761,5518
1185,710
267,6079
4655,8883
9300,8257
2023,5428
4569,2706
9777,7806
3756,650
7414,2017
2284,877
3089,6591
7310,7791
6394,6282
7811,2956
5008,3748
833,666
9708,3118
8614,9674
4250,9330
6992,956
2039,7261
1100,7263
9164,412
8036,450
7639,4537
1524,8168
6269,2266
2303,5313
783,3634
6593,8384
5485,4362
7029,8854
9715,2980
8959,2163
5786,2541
4895,6864
2579,2583
1825,4219
6780,4871
18,1994
5675,9667
8488,8670
3466,5510
7413,335
9032,6044
7174,3529
341,2590
9964,1066
4214,6577
7886,1551
2582,9168
4014,9322
7581,3109
6557,6684
553,7951
8689,2455
1814,2025
9418,2798
3715,9674
3283,3859
4575,5550
7569,3174
7355,5797
7078,7494
6826,3803
4925,2933
6749,1304
1083,1616
3703,9725
6179,9521
6963,6608
1361,3160
8658,8510
2173,7636
7846,1337
6822,9086
5235,4977
7761,1470
1633,6093
1154,5932
8133,2620
3893,5927
4954,1241
2659,9010
9938,574
9734,4904
4888,149
2654,298
4484,3514
3820,5463
9389,1199
8645,3237
974,3270
208,3399
5176,7929
7185,2419
5165,1966
5366,1080
2595,9475
9685,9522
7856,7135
7030,7269
738,3603
9115,4752
1525,4816
6340,7223
92,4043
8711,7534
8081,4863
7162,7728
8324,6793
7240,3881
9437,8457
1499,2264
8699,2342
5768,9990
9807,5659
6002,8775
4998,2937
2503,433
1205,3183
3136,716
8378,3290
1167,2370
5681,1486
7296,4884
6398,6222
9789,7019
1875,2531
9544,2713
5342,8389
2041,3171
6811,6805
2116,6209
4233,4064
3431,9748
8857,9120
6221,2154
3460,3271
9955,9407
5256,6636
8511,6306
1437,974
3664,9059
9043,5016
1295,6847
200,6044
5989,9482
7640,1848
8185,5548
180,2973
8852,3217
7054,4009
2555,832
1814,4865
5271,6117
6817,8492
7328,4440
5018,8558
4886,285
1064,4008
2513,2093
3265,2284
4681,7883
230,3422
8505,3298
2458,1246
4146,6305
9014,9910
3550,1837
8838,7475
4500,378
3883,8278
3306,2533
5897,4106
3403,7164
7265,39
1891,6432
3873,2060
7942,9709
1102,5148
4464,9376
4040,5553
6277,964
5233,1700
941,3407
3608,5638
7223,1152
6669,1878
1136,9952
3192,8863
4900,544
6115,4470
9712,8588
4518,8656
8249,5607
321,1026
5279,3432
4593,7815
8937,1966
4618,2761
4229,7617
6074,8428
9442,7184
8939,6096
9182,3172
8226,8703
3990,7517
8182,8331
1059,3116
6912,8369
5283,9312
720,3750
1516,2900
9009,4834
4358,1003
9499,7913
5729,5843
1888,8165
5389,69
2024,8086
2031,898
4072,1037
2158,1431
135,2053
3206,5944
8654,6221
4379,679
7164,9419
1151,4985
3924,1509
2811,2687
8099,566
6286,8774
39,6288
7006,8690
1097,890
2082,8393
6397,8671
3694,5354
3300,2716
3192,6463
8027,1004
3303,707
6433,2811
7425,1130
9053,3572
9677,8097
6895,9454
6804,4495
6047,717
5674,7499
2781,2861
8626,5686
67,2778
688,3604
1175,5950
293,8919
5413,5987
7194,9308
4161,7168
4025,9653
8241,330
7570,7433
7836,545
2397,8149
6636,2789
9873,790
3730,5482
7345,3495
5449,7852
7241,634
41,9500
2813,7677
5526,9584
3308,9954
8899,3955
7607,2419
5935,201
9664,7309
6391,9003
4289,9275
6409,3518
7493,9442
8425,1053
7763,3761
9379,633
9172,1770
6811,8907
2562,9974
9254,8687
7929,6745
4749,1551
6292,6672
4577,6958
2719,4950
8911,126
261,149
1755,4315
9860,3809
2897,2352
9763,5655
8676,7279
9936,6513
5441,4918
799,9685
6618,261
8480,1411
5814,3665
345,636
6844,22
2711,5581
7326,7105
5388,5471
3904,6517
348,7566
2485,9935
2932,4747
1457,1411
6745,1450
8600,8958
9024,6184
7866,3308
5347,4172
9802,8895
9144,3526
9526,8995
8779,7302
4708,9141
8672,6457
6327,4477
7471,3304
7128,2531
3952,1844
3688,140
835,2080
7226,31
4624,8285
8698,9509
5216,4901
8728,4160
5079,1123
9032,5945
4746,2411
9986,3562
8138,3875
885,4633
7649,185
2440,6644
2047,5908
1,7072
4876,725
9511,7854
3179,2525
3591,6197
2503,2483
695,2506
6906,5258
9482,1522
238,155
3308,1601
566,8530
7806,4835
3494,8060
793,1799
2548,3199
5212,7331
4669,6086
7518,6438
7658,4207
1355,1871
9697,4199
9238,1464
1408,3648
9222,8168
7821,1824
353,8638
68,492
6339,7764
7817,6846
2839,5066
8272,1287
6940,136
1710,2643
2304,4327
618,6609
5566,7848
7797,4501
5129,4914
6506,6551
2467,666
8926,8173
6737,7010
1563,7401
8154,7024
4605,2154
6807,613
1962,7011
287,5654
1564,6741
6806,663
6925,5923
3583,2485
4054,8607
3835,8254
4423,1879
2536,493
5189,7063
414,398
7007,6697
4261,1165
2530,3559
5214,1882
3423,7064
1759,9330
5213,4906
2559,3735
1220,1328
7731,5481
2633,7792
4198,531
4695,5786
6551,8270
1165,7099
930,801
6804,3226
5729,9269
8819,4439
8428,2879
1054,106
6282,7749
1966,5344
82,6763
2023,436
1926,1058
586,4459
6578,6405
7507,4074
4751,1380
7456,539
1893,5953
1572,3076
809,8613
8870,6059
2240,7500
1738,9073
2475,8984
1365,8831
9981,7104
6826,1575
6031,4291
4519,9481
1198,4763
7112,662
9174,8175
4931,6591
5595,2132
1205,7198
3791,5455
9857,5487
6196,9844
4657,8392
3685,7008
420,1405
3307,8301
7037,5369
4414,4469
3900,3134
7275,2176
1800,6345
9641,7062
2205,186
1195,6341
5802,1364
9600,6968
6068,5800
1765,489
8487,651
7671,9261
6998,679
1037,2448
8328,7857
8328,3346
4218,6106
5302,7649
8553,3087
4896,6173
7221,3853
4208,8519
7384,621
6849,2798
8640,643
2680,870
8301,873
7574,869
5792,7572
7289,2561
7321,7469
7928,3255
2244,5851
965,9805
2452,6244
8823,3422
4844,7528
6208,6652
2111,4688
4345,4560
6490,1800
567,5275
5731,5550
9012,8618
782,2475
5954,9242
5887,9253
674,3528
2276,3079
7162,4806
8435,4734
8635,696
8530,2362
8107,1686
7809,3064
3044,939
6293,5096
5315,4936
6100,9569
6298,7243
284,6059
7662,3000
8079,2280
8845,261
4151,1001
7729,3063
9727,5417
7838,1321
4623,6346
9528,2032
1878,2517
4347,5148
5008,1856
4244,3824
1568,6406
1665,9874
9420,9030
7805,3604
6542,477
2206,1554
4079,7633
9996,3951
8482,7317
4792,2050
7948,883
7142,7904
2560,6111
4486,195
4635,1414
369,1543
5605,5313
1823,3785
6383,4170
6556,2774
820,8130
9550,3571
6096,2863
3249,3106
5898,1262
7515,4578
6107,2210
1045,8082
3596,3915
8976,4140
6286,5977
6779,5973
1641,4387
7568,3452
8345,9723
706,6830
6505,5527
3215,6430
4644,6836
5008,9509
7632,6253
8802,8220
7741,580
8551,1227
293,7966
1687,5059
7748,7259
4108,9759
4721,1613
6694,8424
822,5624
2565,9209
2672,6480
3260,2432
8077,322
8798,3604
6366,6723
7673,5037
4701,8125
3970,8813
1664,5785
6234,7636
7066,4525
6469,1686
788,3497
2386,7405
7279,339
226,4759
7677,4426
9647,3367
226,6963
1796,8596
6200,784
8565,9867
7387,9520
1817,2286
1087,6686
6699,6802
4376,8151
9316,8659
1052,9604
8853,3702
9223,529
7114,9800
4092,603
5742,9855
3017,1116
6539,3764
8018,9854
8842,7966
7996,2927
1917,8943
820,8876
2361,2607
2029,8176
4649,7195
5249,4930
7178,3483
591,8752
7255,1090
8013,4765
6501,8008
966,7415
726,8057
3747,6865
5652,1098
8488,6232
6139,3945
6390,1410
5292,5534
8755,8958
4745,9005
9642,4017
4416,8608
6432,8922
356,8601
6895,308
8429,8984
5217,8690
5379,4659
3961,302
2901,4099
6756,2460
87,3135
6410,7359
5,5193
5128,5889
2131,3326
6537,1071
5210,4475
8619,7068
1548,5467
4490,2479
5900,1226
6371,7648
9159,5989
7513,4544
3651,8012
3913,870
5323,5400
943,2150
593,1545
61,4832
8304,7089
9994,4754
2815,9483
2557,9072
2575,903
9202,2485
5851,1561
557,542
1112,5911
1998,116
6024,4120
5690,8787
243,8760
3773,6897
240,2528
7989,8699
9388,5875
2433,4031
9471,5166
7746,3538
7951,3415
5568,9459
6983,7722
8753,3644
6011,1725
8917,1699
7120,8769
2080,6237
3529,8349
1032,8775
625,87
7809,4564
6703,6201
1571,5519
6969,7554
3397,6795
9863,5360
250,6352
3453,6674
6727,1338
2635,108
3053,4251
6279,9450
9416,4266
1387,1489
75,5929
4651,98
2076,8169
9966,4479
4983,4483
5283,6202
1400,9345
5871,6095
8886,1059
9795,8352
8338,9450
9937,5891
8109,8702
2687,5553
8169,5340
416,8290
6822,8108
4662,6202
2067,3266
8587,2331
7583,7720
3630,7117
1860,409
6501,5561
8811,5636
4728,1428
5191,7609
5283,9099
1288,4696
9788,3596
6455,8850
684,1593
7149,4336
5461,1620
2564,1524
3934,777
3371,7119
778,8362
5617,3846
120,5074
3974,4022
5051,8536
6699,353
4782,3650
6441,7452
2063,3597
5276,1427
346,882
4127,6429
5793,4360
1374,2824
2612,5419
2503,9828
24,5836
1326,6396
7020,2629
8077,7549
5808,7546
8187,4113
747,8545
6793,4514
1459,1901
5737,2222
5894,9349
7197,8708
2783,5299
9543,2927
9782,7643
8057,1294
2632,3893
681,2483
2373,1024
5347,2713
9430,5018
9584,8101
4035,6418
777,3809
7370,2726
5198,6870
9455,8348
3235,7607
4296,2243
4702,6272
575,462
3893,9032
1582,4919
4946,423
6075,7907
1442,2582
8357,5875
7182,5643
2242,1021
9375,8241
2433,2246
9013,6894
3511,9859
6141,7031
8959,1974
224,815
4486,3220
2884,3023
1791,9115
2988,9219
2219,6734
5182,4313
3731,3834
3534,691
307,825
8594,4122
2483,6901
8833,5157
7494,8580
5504,8021
4174,2492
7263,2812
7849,8787
9614,1208
891,7319
1930,7182
2981,544
2722,7871
6873,4584
3664,4025
700,9877
2227,3803
5309,236
364,4338
949,7341
7990,6999
2356,9211
7768,6763
3129,7971
8129,1289
8465,102
5461,8335
3866,5077
3139,5696
4030,7665
913,8182
3482,597
5668,4109
2856,5650
8331,1102
4598,1020
4492,7858
8243,5603
9139,2005
830,1835
1786,2824
1038,4098
464,6526
9432,8093
1175,7525
2978,6819
5747,1079
9549,7932
4610,5934
4848,586
1368,6128
9070,3108
9073,7956
3601,7280
7762,3019
6985,1152
672,9607
5059,690
2046,2019
4578,7740
7488,2079
9101,2498
8765,4687
4704,5473
729,7630
7945,3224
344,2048
3013,1715
5416,1069
4521,2711
2494,1874
5514,327
433,1321
1719,9504
3668,6204
4224,3243
9393,4366
8927,5277
3613,1906
4342,3059
3394,4927
4920,6871
7827,7243
9899,7582
4645,4022
4481,6268
3143,4502
4912,9763
5069,4429
8201,9238
8871,8575
5998,7730
1909,6729
1085,7386
2376,6579
4692,5666
5087,8710
1807,6737
3322,4245
1245,4653
3051,3629
8969,3765
2507,5959
6116,6075
2553,5993
1885,9102
2466,3052
9048,6713
4533,87
1716,1488
2698,3874
1313,4567
9764,1151
5398,217
8172,831
9368,6788
4684,7549
8489,5619
169,4228
4263,1845
2226,1080
1121,5944
4571,6093
242,4680
3516,5315
8070,9979
3882,7305
7005,6698
6656,4838
6670,3854
892,9111
8244,6718
8143,877
1729,6672
6202,62
8072,9020
8663,4690
8312,1362
2387,2707
3550,7064
7068,8942
4968,922
6763,997
4849,2850
5829,796
639,6058
8837,4615
3199,5829
2667,2149
6521,9556
8059,5379
2714,4833
3858,7145
7805,5209
3142,9580
4830,540
5505,6419
4471,4419
2952,6954
9384,109
3881,7302
9180,8846
3924,1903
7443,1267
7932,71
8156,5772
1379,9701
1277,5102
7816,7803
8933,567
6926,5116
8754,8623
2266,2858
2100,5025
10000,3424
9626,3792
8827,7829
5254,8931
5200,247
6856,3887
7382,7472
7642,2557
5090,1833
965,9318
5502,1482
3195,6770
572,4126
3711,7640
2212,9696
4109,1142
8141,8855
8667,4365
8926,6217
3841,2339
1192,5826
3604,7844
1421,5298
9093,8827
6575,9989
4455,7275
8657,6300
3101,1685
2191,4528
9569,8032
1815,7856
2007,5557
4695,6414
9260,993
7225,1687
4188,8293
9771,2712
1465,8626
3630,9459
1495,1586
5907,5280
2658,8276
2584,7488
9534,4579
119,4198
9312,2944
9352,5782
4251,1856
2785,8156
8744,3135
6013,1901
2805,3184
2023,7899
9408,6908
809,9837
5693,4432
7027,8032
553,1568
8930,1085
6385,6529
3470,7721
7512,7308
9680,3384
5872,4009
358,2649
7643,3469
4661,5037
1277,6928
9123,3151
3271,3664
8159,8242
2712,4003
4129,3502
8582,8639
2824,5827
4373,6576
4361,5396
2968,2780
5678,20
8067,6416
8084,1739
6836,7744
4924,4044
8527,9758
9058,750
7529,73
4121,6203
3671,8827
9377,4523
9319,4428
1795,4529
5364,6361
5984,8872
2048,493
1903,5469
2838,2208
797,2996
3062,4468
6048,5533
8499,7085
2723,7363
9614,8139
3494,4809
3130,8063
8639,965
9915,4046
5925,3123
9154,1417
5317,8002
376,1096
4855,8945
5152,7118
6360,8379
777,4736
7972,8544
8424,891
3379,4991
4847,6716
8075,4390
4735,9166
5024,1247
1164,4426
7690,155
3896,8549
6833,5443
1036,8035
9458,7544
5114,8286
8493,2637
6528,5646
3750,9736
5601,4611
9372,8068
8626,9452
4431,45
4623,5056
4659,4259
9445,1501
6656,1681
6501,6995
507,1515
8906,5049
7043,8570
9975,8247
8134,2901
6706,3180
7398,369
4391,4940
5967,8132
3318,3530
5042,4959
2456,1620
2691,6275
3652,5841
7150,9016
8873,6697
4354,6333
5631,9319
643,2940
5608,9647
5175,3749
9506,6934
3304,7870
6969,5632
4666,2829
7705,9901
6491,8763
9663,5326
2790,1223
3620,556
9010,773
9787,2338
9151,8701
3447,6967
2933,8507
427,8084
9132,9163
8200,8798
4463,3472
1453,6886
6976,2702
2699,463
8277,8282
2263,7740
5428,9233
6623,5167
4556,4221
9948,3585
865,5041
4605,6542
2261,266
3119,1935
613,2787
7781,8584
9359,8256
8333,1192
1276,5640
9511,4468
6784,9763
8494,5865
5750,704
2578,9527
1260,6375
9630,85
408,1541
9092,948
7015,8491
8230,9260
2439,9002
5893,6171
1114,1866
5271,38
5301,3480
305,9990
5535,8548
2988,2385
2470,5446
2544,8465
2006,5414
1798,1982
8203,9914
4232,5230
9829,7167
989,131
956,3091
8490,7815
9398,2435
1378,7944
8525,5420
2262,1434
2666,1140
7974,5154
6550,5772
4845,9251
8055,7469
7506,8979
2961,1916
5695,10000
3776,209
1106,4251
4578,7883
6616,1086
4533,4996
3177,3276
3706,5626
549,1604
4888,7744
5970,6360
4998,5265
5024,379
2583,2134
9652,3754
7591,558
6178,1164
9700,1227
1755,1215
9618,4867
6437,1548
7684,5208
7530,4113
1093,7078
6968,7730
7574,2969
6695,5147
2833,6961
1719,6407
7085,1086
5526,6451
4734,6267
5542,448
3504,2751
181,2699
6685,7717
319,121
9241,2264
1440,3842
8544,783
4071,9755
3322,5708
5335,5678
3292,4140
1227,5054
1551,6474
2335,4116
9000,1779
4751,9860
7043,1182
8924,5593
3387,4801
8957,3868
4117,1515
5296,1745
3249,6157
5153,2099
8851,7445
8257,6522
4961,5217
2899,7895
2454,8874
1134,6190
3141,628
3898,1825
5865,1889
3370,4951
8083,1365
8677,2131
1498,112
6524,1431
174,2090
5453,4636
7126,9270
6559,8480
6124,5920
137,7381
7686,4125
6087,2643
3114,7471
2647,3739
6720,7234
9228,9512
890,3164
9511,3352
3410,5657
9000,4265
8699,3797
7373,7096
8102,6954
2432,922
5764,8083
5088,8341
1262,1952
3909,3128
7000,437
6692,7190
3482,7372
482,8799
8508,4761
4629,791
3007,9413
5451,8312
292,4970
6091,9062
7900,149
7395,5928
9379,7491
6443,7013
8537,9900
1489,7861
5604,7453
3064,9164
3856,1841
4745,1846
950,7324
7276,1297
7410,830
4606,1021
9189,792
3358,6834
7395,3621
8017,4861
8642,9781
5404,1621
1027,9480
1585,5065
9405,3232
7487,9700
515,824
2332,8344
8540,7507
9368,2525
6476,8502
9162,6457
1040,3658
5455,7502
233,4159
7954,2010
1127,4611
4891,832
3284,2743
4694,5660
7379,9112
1468,2966
8172,1066
7407,5441
281,2414
3406,9699
8837,2345
342,4202
435,7892
957,1620
2000,4511
6420,9488
8350,8115
1679,8428
3402,5999
4655,1071
9444,766
1392,3509
6735,6188
154,5724
907,6752
3880,291
2842,3074
8011,1175
6886,6675
6830,8023
5599,9245
3030,6373
9666,9286
7689,1624
8590,8464
8383,4624
2245,3260
8835,4498
9738,9195
5885,6623
5557,4241
4683,5451
5314,4503
3184,304
6550,5497
2572,2646
4115,7841
5863,7270
3263,1263
6281,2839
4207,1742
4804,4272
2505,4656
2335,5370
1318,9449
2921,9319
9696,3420
8720,2673
4305,5158
5056,6206
5376,9571
8636,9104
3534,6159
628,2751
3184,7627
8515,2064
7511,5603
1238,9974
8606,4726
5677,9810
4249,5185
347,7649
6246,4984
4112,1718
360,6044
5203,2181
8242,9353
2532,9295
5064,2054
1667,5872
8604,4168
9941,1928
5861,9580
364,388
1482,9073
7592,9650
5093,2878
6022,1461
2569,7577
330,5079
8225,4937
4091,7799
217,5642
3257,7245
9852,8563
3942,6579
5786,5917
4470,1848
4618,3050
7837,1742
4534,6892
4440,2495
883,3672
1226,9079
9745,9654
6841,8781
8027,8120
4603,7109
3132,7902
2785,6980
6813,4904
4177,2413
5309,6543
4049,2786
1,2328
2712,5686
9430,8337
8272,5568
6654,3556
6389,2072
167,5318
7538,9288
4216,2727
4355,1625
258,1601
7924,4203
6731,660
9095,542
1412,8064
5626,8489
187,6894
8163,666
2260,3278
1437,9990
5309,2939
6381,5205
238,6271
3718,1868
2133,8392
2556,5966
4226,9681
1797,3637
5593,1933
541,5893
8154,5194
2339,5465
6737,4058
17,4931
3201,9288
4125,8523
5630,41
2844,498
2575,2607
5925,758
3324,2432
786,7993
4746,9081
3259,6231
7791,3166
1823,5945
3070,1409
4436,9531
2100,8205
5456,4781
398,4194
2850,7292
7270,1787
4028,1217
7142,6096
9119,3764
5069,7369
1058,9243
1162,4053
3463,6153
3082,9244
3996,6232
6649,5076
365,2264
2855,7586
1275,3082
5885,3540
8563,2141
831,2934
640,2880
3845,9198
5818,821
5711,113
5964,2857
1673,3519
8504,4781
5907,6565
3316,5335
1587,1656
9457,1942
3272,4697
7613,7140
3990,7318
9297,4061
1782,422
9618,8943
2201,1619
8441,2669
7859,7654
307,9583
4278,4476
6420,9019
6635,2270
7442,1453
7651,6173
3476,5549
9605,7477
3680,1670
8306,3817
6926,9707
2158,6134
6989,6979
5067,3019
6309,8796
4724,7602
4582,568
2683,8773
8914,1626
6979,1525
9651,1325
7243,8633
7984,5787
5305,39
5230,7961
4164,8506
6909,4731
2166,5624
1784,9094
5651,4600
4523,5812
926,9835
8720,9127
2150,9182
7982,3965
5764,9915
5316,8487
382,9435
1371,4036
6050,9493
3719,5609
7673,9154
3084,6008
2976,5716
2106,3967
2058,1558
1453,381
6323,8970
7268,5102
6370,8045
6262,1727
8518,4304
1421,7119
4586,1870
9574,7887
926,4204
3240,2393
7642,1099
8965,6026
7980,2093
6066,6389
1391,7756
6600,6436
8785,5073
8693,504
2578,8907
2672,8673
8745,7477
4048,6584
6240,3396
4550,3173
9071,2354
2367,8997
2000,6611
2802,9948
5201,7882
2510,5449
5551,9458
3471,4009
9180,197
1366,4041
5999,3057
2574,5807
2527,5245
8572,4695
2270,7707
2710,8481
3258,7017
8364,3073
1361,5454
5543,5663
2586,3930
9098,9211
6066,7348
1844,5683
7893,7842
1747,2970
3586,9612
5710,9756
1874,8420
292,9286
4778,6569
3360,8256
6856,2457
9860,6166
5236,1162
475,3241
4169,1520
6295,2582
3670,9410
7827,8796
9841,1496
3924,5565
3444,9977
2450,4828
6606,9987
405,7684
2172,7940
7194,2600
1285,4576
1304,1928
3648,9094
5902,3781
5330,7315
2692,2369
8083,5068
9888,9201
5175,2894
6798,8923
562,9381
8587,6152
8605,4106
2669,8043
507,5093
1206,1520
6251,1517
6818,8610
7024,2681
4960,8775
2115,3788
6948,7713
5709,4652
3676,583
1649,7872
4094,5729
8864,3876
8974,3701
8199,5327
9821,5623
9109,9671
9719,2669
4499,1631
8496,6349
4963,1468
194,4376
5402,6638
1517,7894
3452,4305
1897,8038
4778,6299
3,8683
3735,4299
8807,3014
6729,7256
6467,2357
6456,9196
1285,7677
986,5087
4969,2026
1498,1840
4129,6086
3574,8204
2131,6184
3885,2662
3618,1678
2187,6968
4505,25
1444,3007
6052,7157
1347,4813
263,9700
6926,4708
6120,5652
6810,266
8682,5427
3760,6574
6844,6187
5603,4256
5206,6078
3869,6401
971,9146
5260,3949
1615,5370
7502,5254
6335,6520
5974,9091
6128,7422
2228,4526
1117,2814
4637,6971
9294,6519
6064,1746
5442,2956
5542,2107
2501,7952
1156,8993
2684,9543
8871,9272
2980,9634
9536,2837
9922,2473
3307,7789
8746,9583
5743,2296
4371,8619
9734,2617
5158,756
3575,5381
9511,6199
3380,569
8341,6202
2015,1592
5054,9812
1606,649
7468,897
1393,1189
9541,788
6101,3475
3195,8634
4132,3264
1576,9787
7466,4920
4192,8215
2357,4698
1366,7646
9670,2464
100,8422
2357,2302
6038,5342
4864,9674
8541,6332
9613,2183
225,4719
9058,8864
3859,3598
961,858
6578,8277
1097,2561
2401,8909
9698,2444
5076,8519
2527,2487
945,4899
5080,3428
2562,456
5727,445
4240,9291
1718,7823
1240,2399
3087,7053
2052,5133
8681,758
6584,8732
2631,798
5782,3182
7096,5951
7050,6699
5229,7309
4293,5108
3543,6529
8242,9375
6569,6378
3421,6734
9468,4630
1394,838
7827,9345
9706,333
2330,7715
895,5229
4897,7855
4946,712
8482,7956
7691,3983
7789,4233
3216,1967
624,3181
4305,4357
4906,1290
7312,7864
1461,5691
7485,2248
7381,3923
1597,4104
4273,614
3026,4490
8386,9940
2237,8641
2740,2009
6129,2591
9994,4601
9675,5461
3005,4396
343,6910
5246,9164
7051,6305
9601,3546
8578,6112
3885,8627
5555,8451
4544,5321
5350,6009
2554,43
4074,4689
5612,5960
3133,5355
3179,8933
9792,2588
1094,2481
7726,7954
825,1569
4559,2553
90,2615
7331,8340
1151,2970
8765,5133
7350,4028
7827,7071
4646,220
6846,1972
1772,6861
9860,2425
6388,1146
4508,9144
7966,9622
1085,6457
4281,5268
2482,1436
6183,2298
4982,6529
9438,212
741,6229
3044,3032
4370,6101
4212,5088
1005,6638
1634,6493
8961,195
9959,7378
9276,9560
9767,2135
1705,6741
7284,4845
5400,9214
5760,4906
8674,2172
8275,547
1036,7997
2179,8873
201,6338
7558,9428
3357,2252
7581,2388
3516,5812
1606,9599
7287,3138
5520,2265
362,9319
350,1865
5601,721
6719,9559
2895,9943
215,7864
8606,3394
9966,116
3087,3101
6751,4224
3849,585
1648,9169
7401,1346
1564,664
2153,7717
2760,5926
8135,3989
6967,7477
4486,9805
5358,5485
8155,7608
9985,2634
9617,5023
9479,9117
7918,5127
2539,5001
7338,7513
5210,9577
1922,5625
1401,8918
4210,741
5013,2244
4747,650
8357,3708
4794,1191
3889,4953
7229,2760
7700,534
4173,4709
1869,6016
3255,1772
9997,6165
4843,4852
5603,6965
599,7463
7676,7068
3807,5349
5522,478
7873,9229
6977,1127
7756,6429
9504,8738
3971,1857
6738,5858
8755,7086
5995,6859
9702,9482
9091,9731
6154,4351
1041,7797
4720,9198
3553,967
6575,5381
7323,9563
9744,8351
5848,8821
9268,4880
6936,975
1448,9270
345,3155
2040,2256
6133,2947
2579,180
8112,1948
3879,5888
7954,8299
9210,960
7774,5761
4533,4339
1032,1605
1434,7878
5154,9619
6290,6818
8943,850
7936,7950
4025,9577
6078,1153
1692,3720
9620,2324
5480,1820
901,5828
5465,5537
7305,1860
627,8928
4492,4223
7453,8
5610,9516
6366,2124
9857,3629
1165,7714
870,3632
7606,2191
382,1572
3978,9709
7761,2508
8827,3092
4261,6862
4108,9231
250,8296
8122,2624
5990,1616
4070,1367
4703,2114
8353,9575
8192,85
6002,9987
4736,4333
7465,7764
6887,6056
8153,1647
7272,502
88,1948
1897,7429
1407,2205
8005,1272
2991,1312
9968,134
7211,8104
7762,3596
6960,4983
3080,2191
3521,1589
8229,4950
7056,5608
8794,5570
3822,8268
6980,1558
2731,6227
7047,8962
5889,1921
9648,6103
6776,8433
8240,4020
8673,4793
9937,8191
4854,3487
496,7558
6548,3690
5168,9804
3634,5157
9179,4731
5882,985
987,5555
1509,6284
3039,1010
6080,301
8785,6112
3374,6657
921,3352
3081,5200
9228,254
3606,6716
4320,7356
4644,6365
4603,973
4741,1463
990,4882
7219,879
2980,9988
7538,5601
3951,1484
2057,8101
8455,7102
367,8476
3488,5985
9259,9737
6916,328
8622,167
397,2764
5215,5226
1299,8341
5292,2021
3144,8222
406,2543
1151,8583
6305,6790
1398,8071
8405,7379
4855,2341
1120,3632
1986,9352
7477,8425
9330,2139
2926,2449
8537,9027
4565,3781
5095,2826
2174,6702
8285,8117
5467,6083
8581,1603
9592,1109
6942,2623
8064,4266
4321,9824
7145,1958
4848,8074
4437,9354
4570,8907
974,571
4674,9206
7710,3775
2791,1579
2711,908
5580,6273
2385,5599
8013,9204
6248,3546
1905,3792
9825,3396
3646,9125
2177,4728
3719,8850
2344,8163
1750,9270
50,7599
3738,3039
777,8654
3372,2727
4246,7481
4747,2500
3662,6040
9177,2945
6874,350
9127,3867
5723,5501
3375,6416
289,1210
9004,7482
1121,575
9470,1624
1142,7867
5915,5422
8486,3567
8039,9845
6971,4554
8035,8905
2145,1799
7713,4607
6804,1746
655,1255
2925,5340
5856,9382
6008,93
6370,9686
2875,6734
7797,4646
4048,7068
3741,8006
9087,6575
7188,2302
8080,449
78,9875
5134,959
2576,1319
8806,5839
1467,2320
2021,1379
5088,1707
8900,3655
4048,6680
1078,7529
8089,1297
8756,3541
3526,5455
1307,6436
7519,6920
4645,2439
6358,8629
1856,4456
5904,1996
401,2909
9003,7482
8262,932
2171,3625
9810,9123
6690,6329
1119,5758
5336,1941
4868,4344
7774,7334
4167,5920
7010,3466
4109,4787
8877,3284
5168,6223
8776,9755
2193,8000
7447,2881
2400,5480
3634,3010
2834,38
1954,7912
1368,7855
8093,5975
3507,9503
5483,8370
8382,7135
6551,1264
6751,9800
8104,768
1986,6794
9980,6926
2843,3835
6683,5622
1133,9660
4175,9379
8198,6333
7674,7474
9073,8611
8498,7304
129,1380
9118,5196
5354,9389
111,6259
2382,1318
2772,9313
6676,4872
87,1455
9165,4798
3598,8285
6192,5578
4093,4874
5349,410
8858,7056
9335,8049
9429,9715
3864,6656
5755,3841
3984,410
8262,6726
9568,3147
1663,487
7078,3002
524,4229
2503,7215
4245,4285
2786,6939
6678,663
8102,6991
3329,8881
7859,5253
7774,3212
3841,1800
6740,3467
7627,7551
2974,3154
2875,6890
6589,1607
5406,4520
957,3711
4946,5692
2676,6711
4455,8825
7060,3937
2178,7262
846,3130
1987,8757
3846,5830
6607,1629
4645,4368
1520,375
5189,6619
3438,9215
4456,9295
3037,7147
5073,6720
5041,2967
6336,3117
6788,4918
5036,4840
7851,9130
9978,9945
1488,8701
7579,2849
8486,6556
5959,5764
2763,1459
8225,3619
5597,7876
1047,4963
7217,4197
1025,991
5197,9626
5535,3464
3254,9127
3932,9932
6729,1170
6886,4015
2970,5123
5335,6444
4158,5027
6199,1513
136,7844
1506,6016
6085,6435
3868,9623
8071,5095
5480,7486
5693,6927
8650,8867
8755,2705
3329,934
7877,1638
355,2853
6367,3030
2901,3535
4428,8793
5187,9376
5888,3099
9281,3573
8145,8619
769,1296
1617,5683
2743,215
2274,635
9536,433
4933,2778
1191,7616
9829,7483
6620,8406
3171,2665
62,5244
7849,7988
7634,7473
8537,7869
9824,2321
9369,5796
6853,1428
4854,4521
3026,5162
6760,6912
2460,6892
2988,4878
4620,7207
7958,3837
8914,9728
6879,5228
4876,8076
5310,3283
2599,6346
2091,7336
3381,8302
3231,3135
3863,2806
4840,9001
9688,9151
5403,467
2049,5713
2284,2710
6903,3294
8291,1497
5176,290
613,5747
6560,3924
1289,1798
6791,2149
8600,4026
6707,7942
5099,4268
5240,7613
5531,5038
8813,1032
1107,5466
9697,1735
4501,4915
6445,7143
8202,9958
4883,9893
1161,6785
6185,3066
630,1608
6546,5221
965,9225
849,6027
7313,1286
8734,4474
4456,5277
7680,3625
1420,2117
9326,8702
4036,4351
5552,9606
7462,4551
6895,1579
4920,7408
9305,8410
9127,4112
5292,7583
8859,7635
7720,4640
8539,6431
5169,7662
8487,3115
1424,9974
5384,7264
3467,4572
4787,1028
1442,327
2954,311
3938,1400
9657,2301
9502,2208
1578,4532
8180,4574
6038,1365
5094,7097
736,9274
7348,2346
7857,1594
8134,6636
7309,9606
8957,6286
9871,3806
1528,1278
6811,5770
4895,964
3832,526
7391,6688
1873,1631
9131,9219
3180,4752
8175,3915
236,8547
2168,3653
9684,3147
5241,7687
2086,7630
6472,5750
2594,321
6473,9681
4605,9728
2581,7984
6281,3326
4221,4580
1889,2377
456,3398
5617,3586
8978,3824
3383,1042
3378,6098
4773,3859
2596,1289
5428,8718
82,3427
5653,4240
1904,9302
1718,8631
7722,2843
6707,2908
2679,1312
6522,9859
2177,6078
8075,5815
721,1924
9204,3234
1259,7526
7496,4066
4872,2682
5769,8958
2348,6272
5252,2818
2176,951
8367,2561
5771,8281
3084,516
905,5869
1257,7044
7993,992
5151,4700
2373,9441
1895,9655
804,4165
1311,2721
6514,8671
2328,1769
3581,1178
1384,2351
4342,8542
9265,769
3709,9070
6832,9624
5650,4101
2630,759
3854,6309
5072,3659
7997,2641
9035,7035
4051,8445
4102,5858
7786,4845
3681,5559
7077,7031
5097,6307
4776,6306
841,4983
9410,2024
7267,8809
7037,1930
3637,1880
1686,162
174,7662
6362,9495
4954,2777
5648,3439
5799,288
6775,9467
6853,5110
21,3571
6373,6795
5111,307
7860,2771
3434,6408
9239,1057
9926,2785
4482,4025
5889,4954
1813,5455
763,9751
1434,8800
2343,7262
6848,7330
3130,5682
4556,2001
2218,4038
7518,1735
2223,9105
5955,3895
8026,8819
470,7191
5367,2869
386,252
1165,1131
1042,3838
5392,1144
2857,1577
6705,1293
9830,5440
4272,6594
5153,6999
1419,3592
6636,962
3142,1832
5423,6010
7544,3909
5317,8116
7485,3795
486,6934
7925,8045
2922,4559
2065,7861
3448,3755
2989,557
4159,3976
3708,3666
9194,7243
5500,9710
1515,2952
2933,2752
6385,6452
2435,4740
1187,4280
3879,6041
7616,8157
3683,7499
6064,9317
6924,4548
5762,6293
9893,1218
4291,6040
6239,6312
8512,7786
2697,3731
6683,831
8813,5517
1444,1127
1504,9710
5630,4298
6971,9930
6451,7446
7637,2393
9339,6809
9286,4231
4256,6458
5239,8323
8415,3028
6632,1539
4991,4157
2872,4963
4597,5700
9010,9718
1504,9154
9160,9613
4286,5948
7029,7745
3021,1747
5489,9495
5036,2969
7101,9014
7038,8918
6620,8886
4486,1667
7681,8462
7425,7360
2581,6873
8264,1188
5649,8848
4060,5367
596,6970
6949,1273
9005,3073
760,5470
2195,7313
7134,9982
9543,4219
1159,554
5616,6417
2784,3318
4736,7940
9797,100
3450,7411
2393,3725
3106,9304
4761,9779
7791,5131
5011,2829
2987,2117
4553,9893
9285,2375
8435,5014
2424,874
1178,3713
6751,167
6690,2262
2754,2815
4601,1714
7562,5632
196,2896
5452,9387
8638,6638
713,6132
6411,6420
2308,455
9896,5197
4252,2140
4175,7036
2088,2149
2476,4020
3583,8517
5049,5030
4223,930
3693,6793
8204,1325
7652,8474
9607,6257
7410,1614
9021,9611
6126,9544
1627,6205
6859,2064
5405,1459
1163,4455
7800,2335
5290,5056
584,9257
4782,6961
8122,9049
9876,4341
8778,1304
5156,285
9597,6998
6134,1919
3320,101
7870,811
117,2540
9309,1313
124,2708
1121,1822
8739,5253
27,3816
6044,4181
7492,5150
8614,1806
5034,5140
6831,6802
5558,4579
3233,1170
4116,9120
7594,2734
228,3915
8223,8839
8047,8445
5495,8608
6032,791
987,4617
1361,4937
7628,1010
8641,2065
247,2862
9072,8185
8923,8260
3569,4084
6853,4467
7540,3986
8713,7538
2191,553
7741,478
5005,1852
1814,5822
378,9961
3098,5343
380,8672
7485,3261
1251,5083
442,7067
3178,9847
7486,9272
1885,4687
6048,9354
4286,8301
9064,6711
354,9666
8424,4151
6629,1081
6403,5265
5830,4075
8652,9886
374,2337
2471,1464
2148,3248
1524,9502
167,9508
3677,7080
901,8395
3716,9617
6366,1696
3293,1104
7883,2872
6935,8711
6582,9176
7911,774
6002,3989
5278,890
7873,2663
2569,8066
2477,2325
7090,1146
7543,2066
3095,9394
7265,2883
5335,9566
1965,6859
8181,9936
751,3939
2672,5886
5493,8638
1317,3599
9042,4285
1729,2757
5177,4859
2303,5254
4197,330
7259,5591
5774,6779
3026,5706
1649,7003
3020,3853
4660,8439
9921,8514
2204,7477
5011,7180
6323,1277
1386,8116
2435,9457
7200,1621
5910,1376
674,1925
9352,2334
5345,6979
7534,4972
8867,2307
9494,3110
37,6273
1713,9397
6223,3359
3822,4643
8772,269
7094,5454
690,8700
2408,1461
9066,6672
8483,5223
8382,1736
1928,5096
324,7863
6877,6610
3977,6664
2237,1370
4361,1291
7149,1193
1879,6772
5275,7923
2172,9068
962,6135
7209,4288
5121,5353
2401,3959
5140,8789
5807,9198
9193,2064
1029,4711
9124,2207
9671,6704
4156,9627
6027,4550
2686,2367
3856,620
709,6228
3972,4605
8052,4110
2551,12
7177,136
8287,5792
5217,1424
6969,5927
7778,874
2253,6394
1914,1067
3476,2619
9862,5357
8441,7933
8386,7262
9772,7817
364,4552
1642,6855
226,4057
8639,3833
7487,8125
7692,3595
5373,1501
4759,6259
3821,7370
2161,3955
3482,586
8032,1043
9205,7146
8878,4622
8510,1982
7763,8889
4412,1903
5603,2676
916,9831
2921,30
4468,9233
5680,1887
6160,4556
2762,4184
1646,6199
9606,8114
9037,102
2128,3391
6767,36
7425,5610
511,8999
9585,1409
4996,3966
2548,3977
2040,9134
6577,597
6180,1676
1398,8643
2763,7084
9194,7803
3703,1100
9143,1291
8734,2107
6511,9401
2507,195
1796,9203
2903,4369
8723,2016
6416,9943
4683,3184
604,6779
9055,80
7628,1716
4292,6436
4408,1494
8715,8906
5408,9904
510,3520
3720,4535
1723,7328
7177,1094
1685,9050
5320,1679
7994,1016
3104,5896
6977,2107
4045,6321
7832,8261
8629,2760
6252,3999
173,7168
2897,4469
9293,4823
6480,379
3788,3886
9376,3303
3822,5124
6201,2507
6233,36
743,4514
7517,4784
890,9999
6441,5982
52,5668
8605,7984
4195,3511
1196,6977
9182,761
25,6379
4133,6968
4921,269
8794,1052
709,9057
6966,1423
8196,6845
7798,3129
8627,6422
7436,2756
1899,1136
7672,4700
404,8444
2764,5785
1183,9542
626,9431
3427,5420
952,1167
9112,4546
4698,9352
702,5741
58,6917
5568,5223
3596,7131
7862,5279
2579,783
351,7271
9812,6468
9322,3029
492,2199
7811,8014
6931,6239
1714,126
6178,165
2145,3532
7460,5119
5729,1370
3008,9317
3660,7321
7316,9690
7375,99
5006,2738
7089,186
2409,2749
5860,4259
8891,7763
8969,4855
1974,6504
9661,4534
4462,8814
6471,8200
380,6287
1106,6387
2993,5360
4442,3006
3865,6468
7576,7787
5806,4583
8911,5311
926,153
537,288
7591,5949
3894,2498
3946,9906
3212,5711
8386,8174
5083,3952
2489,8123
9045,7249
623,8631
5168,6332
5285,4671
7245,7865
3685,2309
1344,6495
624,9854
5335,7332
6602,6006
6721,1622
2466,9138
8103,3956
9043,8271
1282,7205
8641,5287
9301,4817
4904,6453
662,7508
1087,8359
3391,9038
3453,3007
6275,4588
3288,57
596,3119
8515,1708
8614,2323
232,9892
6386,6079
3845,2120
5949,4438
7188,24
1966,3822
8542,2449
9422,8368
4957,7794
3263,5535
2893,1954
6856,2324
7318,5729
1520,7515
4715,1975
3182,3552
1593,7891
7077,5633
9165,9935
2414,7241
4014,463
143,763
5672,3885
4789,9334
2537,9049
1455,9467
6455,2737
1598,8839
4790,8644
8388,6187
9188,5297
5972,7758
2811,2969
6598,3229
8128,259
1053,4299
1669,9633
5801,8725
1006,4544
3155,3487
2213,3535
5011,1871
6156,6287
7069,7775
6183,405
7976,7290
7236,7188
2620,6665
9936,317
940,2244
3848,2560
4718,5896
5117,735
8428,223
7645,2379
9556,9055
3534,8233
4720,1683
1721,5501
2909,7841
6443,366
91,8009
7202,9945
7764,3967
6969,5307
6435,8351
8203,792
59,8337
1710,1716
1893,6415
6577,8530
6423,8870
6294,1374
1410,8155
5525,1335
1858,7773
2081,7837
438,7841
8239,5329
7260,9100
2034,6526
5475,7519
4009,3524
5289,6839
7267,4922
128,5027
9331,5713
5111,1478
9616,6873
751,5384
9769,5475
3600,6887
9708,1114
9650,7877
151,1438
28,8066
9126,1880
6863,5317
5445,3028
875,3284
6775,9783
9460,5042
1627,166
469,5890
929,2128
8165,4209
1435,3071
1470,6851
6772,6022
2951,4543
8731,2093
9643,932
56,1149
8985,3058
7284,4014
9088,2924
126,2578
3808,1845
3465,2422
3557,1532
4488,2865
9203,4611
402,3372
1058,6463
3367,4225
2267,4709
1475,4609
8377,742
7129,6232
2796,9115
3657,9925
5638,9127
6483,2963
2291,6872
4363,5957
1158,8954
6010,6401
1166,49
2535,7692
9540,6469
9999,4319
3153,2870
5794,9767
8001,1326
5173,4996
3436,8596
960,35
4139,8812
2803,937
9267,3513
6229,609
6707,2298
3407,4863
9329,6628
1009,2782
6056,6800
1348,567
2233,75
5186,5991
5719,3825
397,8025
1457,5420
8428,5713
4399,3289
8261,3813
6891,5136
1764,2376
5553,4331
1531,5701
130,3856
253,166
8824,3304
650,9278
3287,6405
9248,4330
2899,3380
1465,1630
929,6443
7190,315
8885,7906
64,1632
2779,9161
5619,718
3022,2268
3614,3191
6538,6677
1447,7495
1555,405
1583,3858
8033,3960
5511,5134
2306,9111
4553,9020
646,2613
9161,8424
8550,5957
6973,9681
6558,8200
1669,3674
797,7945
5769,556
4870,6283
6866,4974
4696,2341
2582,3100
1422,8272
8899,8512
6959,9680
8221,6186
6895,8003
207,2083
2288,9317
8787,1098
1582,8955
1583,1738
5265,4841
6924,752
7936,6050
2002,2577
9585,1624
8099,5441
2451,1943
4705,402
1186,6292
7469,5375
9441,1216
1105,3133
4928,206
3103,1763
9112,9704
407,1983
7924,779
8685,1478
6266,7406
4162,6088
5099,5896
1492,7510
4466,7142
2942,8203
8007,2089
9095,4687
8750,3369
2287,2406
5730,3779
422,7385
3994,1811
612,5282
865,4767
5053,7584
590,1407
7282,8657
5781,8119
4374,9253
8413,3290
362,5648
1726,2732
9454,6759
8159,9203
2634,3642
5279,6885
1046,7385
7646,5954
6189,3828
8125,5549
7623,4332
6552,2629
6472,1849
4761,7449
2567,8807
6363,5724
3347,6982
8554,7874
512,4979
8020,477
3100,8342
5463,739
3927,7788
975,6514
5905,844
6697,7642
2198,7171
5568,4391
6359,776
4621,9170
9039,6833
50,9788
2069,3026
1180,1179
4174,7890
4453,735
2050,6142
2583,1053
2416,6928
8831,8456
5894,6329
748,4727
7018,8882
5425,9705
9026,8380
4054,9262
3147,5337
3585,1715
7794,8351
991,7438
9463,7096
4750,1169
2359,8979
4590,5789
2825,9321
7434,498
4774,237
8746,3567
1561,1968
4667,9455
3298,393
4824,4078
3511,745
8836,6881
7438,9803
9828,6520
697,884
1419,8994
6725,9160
5827,8499
8792,8650
3399,4988
2421,6613
5832,3250
3282,1290
5296,2733
9070,2732
1848,6787
564,8031
1546,9134
6730,2342
3855,1056
6758,3573
7425,7331
1514,1154
7276,9530
5462,9703
6629,7749
3111,8986
3868,2841
331,5537
3736,537
8551,3594
1324,1215
7091,9134
2929,67
6351,4410
8524,7427
2548,3923
9494,858
3042,7313
3248,5226
3897,819
4506,6275
501,2920
1890,3355
5036,9919
3863,9433
7272,4982
7937,9322
6728,9153
9742,3548
5102,4710
9387,3263
6538,4971
1003,1173
7792,3453
7839,3157
7937,7486
4131,8748
5945,8742
8835,5610
5889,3288
5778,2375
5870,8129
2714,9906
7175,2505
6320,3365
8440,4277
8389,8413
4789,9501
635,6533
5554,5947
8925,4352
3931,3936
7237,5827
4685,9498
9945,4470
8041,3939
9836,9162
5245,5174
1724,5548
6081,2831
2694,2144
5876,2851
5729,925
9716,7912
2832,535
6126,5938
2300,8146
8068,2469
4663,8618
2869,717
4940,8094
4609,1646
3664,4674
8221,5397
311,1566
9771,1845
4866,8221
7788,6971
4178,9153
901,9565
5432,4311
9455,4113
4486,5155
9569,5543
4807,6068
9039,7060
5371,4951
9755,5612
384,829
5730,8327
8627,8558
9854,9420
8185,8513
192,2888
9144,2815
6768,3205
8406,4871
1247,4102
1260,9947
5896,8131
6820,4444
6388,6127
6824,5171
9989,5832
1280,2479
7411,5254
2928,177
8174,8123
5050,7404
5733,6156
7485,8913
8188,2820
7476,4035
8312,9306
3962,3123
6839,8690
2666,5030
9692,9785
6684,1648
8874,5770
9577,7091
3258,908
9230,6707
4148,2238
7546,3619
7856,6637
5860,3972
4440,9371
9992,5913
4879,8822
7301,1479
8547,5933
1712,9030
3623,689
3177,1571
6101,3110
2151,4978
4598,7901
7183,8837
547,2215
3800,6880
4679,9093
9438,7830
5570,2170
7960,3381
1841,4957
1402,9030
6854,5456
8956,7981
6092,9758
836,3738
270,8884
9751,6241
8409,5391
1153,9360
1477,6302
8591,6994
2463,9864
2764,6727
945,8353
766,881
6867,8435
5191,3969
5182,222
4254,7561
8091,7022
3878,1572
7812,6266
2238,8854
8150,522
9359,4400
965,5813
5298,5787
3702,8254
2388,8547
4102,7347
4340,2071
921,9229
3830,5609
8357,1251
9468,1500
6415,1100
15,542
8701,9035
6206,7142
1023,1747
5638,8437
5973,1520
4767,6719
3763,9824
3671,9247
2093,1921
2130,6749
9486,2506
9387,461
717,8167
4322,2877
7173,1150
3934,770
1082,6140
4315,9630
9826,515
6942,6832
5654,8800
6961,1814
9491,5776
3823,4216
4766,22
2095,2578
2644,8795
6743,3933
6576,5253
9767,931
9845,4763
8312,2740
1584,3622
9136,2488
8642,7682
6022,9795
334,1024
3779,7736
1910,9569
2940,5939
552,6375
6262,9036
246,2463
5997,5550
761,2091
799,2476
2761,6916
1043,4021
5107,1749
6153,4662
9917,97
5432,3434
7762,2555
799,9721
6627,7524
6817,5994
9988,886
2748,3398
4530,6866
3834,113
9546,7135
3969,1688
1409,4898
2715,7685
6988,9516
4508,7413
7235,971
4779,7631
5853,8125
9077,578
5850,5158
1835,115
4202,8991
6749,1453
631,1083
5804,7694
8452,3534
1418,1202
1553,6800
7869,2447
147,7716
9247,6490
2874,6038
2673,837
553,2630
9799,8543
877,4916
3478,8376
2851,1284
1338,8333
6713,2071
1782,7427
3068,6006
1219,8670
1308,3481
7180,5245
455,3030
3265,9165
7152,4362
1367,5549
5324,4933
9343,2660
9598,1436
1560,900
6959,3978
6109,2939
7601,7991
7812,1428
5262,7336
157,8516
4834,7684
6559,3307
9118,9702
5618,148
7473,1022
7151,7726
301,7509
1854,8250
4820,7135
7658,8191
730,1431
8445,6384
7277,3465
7918,2603
3404,9919
511,4332
2131,1283
7197,298
2362,616
7906,8777
1052,8333
7010,8288
9610,2956
2119,7990
3193,834
5758,2518
9227,9923
2863,3726
9145,9555
8062,545
5273,9507
6389,1374
5331,119
7578,8546
7977,7357
216,9245
774,1765
8995,5319
6271,1884
8502,8669
626,64
1957,9062
4777,3813
6707,3156
4315,8513
2287,3401
1499,9361
4186,1900
8830,4629
9381,2006
5704,5054
7443,4535
8577,4566
8327,8404
1523,1614
215,1904
9850,5841
5591,9554
9716,5579
2331,1139
8326,3067
3716,7325
2438,4751
6161,1180
241,1699
5742,6688
4249,4439
10,9209
955,386
2256,6354
6078,3063
6380,4739
8776,7974
3222,4379
8945,2886
5719,9850
6688,2086
7802,5030
8677,7453
1492,9778
5442,7417
623,9584
9680,1566
5696,4889
5855,6040
3125,8133
5322,9340
1608,7606
1108,5469
2010,1343
1308,1568
2585,235
5247,4803
6641,4354
5533,498
7138,4507
5757,6387
5405,7014
3811,6790
9957,6252
6663,5145
5252,1597
7899,6719
7736,6780
9467,1294
7997,1404
3157,643
8565,6509
7059,683
9764,3019
7399,3215
3608,3391
9304,6297
9862,4846
4196,8393
765,6530
1151,9685
2542,9061
2556,7791
4665,8178
3833,9290
5648,3215
4088,5862
5431,1642
1430,5692
8971,8141
9233,3313
451,1015
9952,1187
8276,9830
6144,4800
7021,850
4610,1195
8,5659
8926,5316
4000,8434
9357,5330
5144,4941
2298,5603
1250,3147
229,5711
1651,4243
1180,4899
1736,5397
4386,7958
6822,5825
7272,1754
4782,2506
3901,8769
3332,1508
7913,7034
7619,1660
7456,9572
1020,2822
9257,9006
7181,6327
1651,9322
2769,3971
2749,7354
7224,3967
5318,169
2097,4180
1100,8458
3728,2863
2552,8837
2526,1148
5229,6681
4305,5243
6183,5444
8524,2468
4137,8833
6870,674
3933,9212
4759,7968
1662,9207
311,7340
6880,8942
3860,2808
7092,7605
1676,6998
561,6429
565,4047
121,7514
245,5001
3367,7088
4074,7285
6915,6609
8616,4393
6853,5930
6112,6485
4334,1071
1229,9669
3402,3039
4296,5332
1965,5656
1045,2107
6016,9177
3431,5052
4786,162
9160,7437
8493,6101
973,9716
3554,453
1990,8486
7955,7598
6148,9900
2280,5593
3033,1852
6712,7159
5233,7694
2267,6588
6964,8239
8965,9877
1989,9466
3354,6404
1978,3182
5126,2073
2832,4112
3637,4077
2737,6892
9442,3016
3745,1800
649,9662
9970,7713
9495,4172
2520,1668
723,998
4117,3929
9211,5378
4850,426
7961,3787
833,5102
7980,8712
9062,9216
8328,3834
2354,9600
3482,1686
4586,4497
5727,3005
7825,5441
194,1592
8284,9905
4502,2886
2353,6970
9084,5027
4723,5733
929,7812
8875,403
5148,7555
9628,5983
7959,9947
1336,5837
3012,1846
4070,686
6777,7352
792,8795
2005,4328
9046,9747
4825,5633
1555,3485
3348,6972
3800,5176
5509,6938
8997,898
9144,8735
21,9821
5465,1767
9924,6458
9882,5441
3420,81
8263,1675
1639,9688
404,3336
7918,6922
2591,8894
279,9656
8965,5123
6177,7308
2487,80
9110,4285
6508,6493
6239,6167
88,1886
3324,4402
2742,562
5228,2082
7352,1499
6770,6900
5458,6197
5981,7461
9001,6128
4739,9045
3542,9538
3804,621
3644,1201
2404,190
3625,2809
5249,5520
2816,6530
1891,9673
2198,5297
2706,1838
8207,2738
7030,3718
9475,4149
9942,6906
8830,8134
8717,2050
8679,2817
2646,2777
6528,1760
2564,6637
3303,8422
5522,8640
9731,4380
5877,7673
5604,7329
3293,5650
5936,6326
6380,5763
1666,8527
7496,756
4639,706
7111,1465
2458,8629
510,5042
9989,9471
4002,1018
9283,7876
2373,6379
7069,1862
3445,8975
8744,1459
2861,5285
5600,1029
866,728
8630,829
2182,4666
8922,15
5619,1581
5115,5690
7815,9511
5496,3897
6245,380
8185,5346
4113,5153
6127,6244
4686,5635
9538,4429
971,3968
2221,5415
9182,3545
167,8671
9659,4215
1188,5407
390,9872
9829,2038
4735,2086
7398,1154
2855,1879
3724,5827
1602,9752
9233,395
6394,2863
32,8878
8832,6132
2843,2036
2394,8974
8022,5318
3287,239
8946,2729
4156,7947
6205,9040
5114,4079
4041,8213
6467,8393
2657,7890
9607,5944
283,495
3078,6651
6510,1117
3057,8372
5560,9370
6020,2009
3623,2805
9455,776
5588,1940
7146,394
3336,9871
5588,997
386,88
8914,4460
8674,8411
5268,9550
3852,81
5084,2534
5628,7637
6085,8746
9970,6432
8328,3063
672,394
6337,2044
7388,8027
8949,8482
5299,2105
7065,5997
5180,1121
6909,3192
7933,9438
5665,696
4099,447
452,3899
9936,5001
972,8677
3422,8490
525,1738
7222,6943
6491,2606
2314,7084
5215,8598
1743,6649
8053,4297
1344,7279
3157,8992
8063,5346
1956,9390
3260,8151
8103,1329
2894,7830
5785,3018
6752,9517
6400,3659
4763,7776
2865,9912
8032,5110
669,4739
5147,1077
4218,7852
9028,1150
4629,4845
2974,269
2822,3095
8792,4168
3594,3437
4034,7228
7329,1832
6215,9094
7813,4942
9242,1424
4710,1547
2884,5696
5001,4450
3375,2660
2315,4822
9600,4543
7288,1129
6058,6755
7197,6984
459,8218
3573,3440
7241,2454
8829,6355
6601,9304
7196,8781
9466,9185
2569,4653
8524,2098
5841,245
6668,4322
3407,1481
549,448
9983,5992
2560,6580
5662,7098
5661,4305
8319,8322
328,5585
7752,9242
5987,8525
8775,1009
7609,2453
1940,2142
8309,5013
7606,8246
1633,6169
1617,1193
5668,4776
7214,8267
8152,9677
6254,5585
3023,1980
4264,2993
4232,1029
5711,5031
2436,7910
2144,1929
6818,9266
2161,5312
9931,6883
4923,3883
352,4212
4473,7987
4647,8468
1826,7304
7994,6838
7732,2416
7246,9672
218,1728
8543,4911
3075,894
38,1310
1610,7465
205,7953
4779,2486
5912,6284
4514,732
778,1052
4281,1614
1027,3223
683,449
2811,3892
1706,3702
5031,1581
453,7431
1648,828
2822,5680
3597,1974
3193,1645
2554,3453
3528,7101
2592,1824
1327,264
9857,6726
1526,8643
1053,885
6434,5210
4982,4518
6834,1550
7854,370
790,3774
9771,2922
1798,9159
6526,8257
8314,2537
3436,5744
208,6141
1779,3187
3544,1394
7059,3388
9957,7307
973,1162
3544,5605
3684,6375
4677,2592
5225,5057
6308,728
2291,5701
4173,1268
4157,4082
5471,6234
6320,9641
7820,4302
6637,6575
9294,7874
1778,298
7127,1172
8414,8967
3185,7565
595,2229
4429,8829
2479,4439
9621,8749
4654,5899
4671,7712
6998,2198
2804,5305
6433,7272
5522,580
8458,3954
3347,2839
1803,7850
2270,6373
2203,2194
5142,2519
838,6673
4269,5537
578,9822
6106,2145
9365,7564
2287,7614
9544,102
8798,6160
7693,1819
3680,6785
6688,3476
6234,3992
7686,1244
2767,4225
3403,8667
4199,8790
686,2121
4885,6814
1218,8166
6897,8762
9631,2314
4505,5181
6360,7928
3571,9763
3631,8673
8315,5645
9888,3180
5151,152
9020,2832
865,7400
9802,7245
3181,5849
2425,5945
1149,9745
2320,9945
989,5284
6530,2237
4684,6585
1781,6049
3287,2190
7313,1979
4870,7264
2804,2157
2784,9276
8529,8475
2815,1268
9438,9846
7195,5922
3907,1248
5360,6001
502,6386
3439,4559
3457,2640
2079,7542
8706,1295
3339,1668
4218,1849
3726,8912
1129,8339
5847,6921
1796,6158
6739,7209
2356,5904
2612,7801
9734,4532
1818,4734
8975,1727
8928,101
8152,6305
3326,4475
3744,4418
8621,2014
9295,7992
9117,3715
2275,1077
9335,1686
5078,7252
7810,2639
6249,9373
7312,3632
7439,6807
4276,4340
4106,596
3800,3387
4624,2807
8596,3499
5704,9192
3987,7402
3773,7679
3565,3292
9883,3939
8879,1361
8828,963
1141,7398
9139,7883
658,617
9718,3561
254,3577
6058,7558
6193,9223
4266,502
2013,4207
2632,3821
3088,5409
5633,5542
8333,7394
5647,6529
8875,4061
544,900
9805,8798
8142,6555
5458,7016
8226,7518
5233,5237
5901,1867
7694,888
3304,6335
4758,7172
7021,2243
5651,7625
4785,1294
7137,5993
7817,1116
2891,7363
883,4880
1560,4886
6418,4849
9787,120
6167,3731
5016,4076
7558,7556
5710,7886
2972,8831
209,4981
2446,5830
5026,589
826,7619
9026,4809
9132,2872
1067,913
3001,1110
3024,70
677,474
2121,1066
7302,5287
8175,8214
8925,6438
6547,6834
3161,618
9537,6433
2424,9530
9606,7006
2525,591
3053,6593
1687,9166
7311,9090
605,9929
8715,3590
9910,4944
813,2665
1145,9374
9430,291
7214,9822
9867,1639
3914,9487
9710,438
1904,2843
8373,6421
7427,9740
7049,419
7069,611
969,5911
3300,1830
6752,4762
4502,1102
725,594
6044,8962
3436,9648
7109,3079
6523,6559
4006,2121
2612,3473
8108,6450
413,8525
5163,9883
9911,8419
6128,7600
1709,8058
2343,8419
4278,29
4436,1843
8587,904
6095,4621
1067,1164
4415,522
7405,4587
1005,4027
2024,7086
4844,9307
7515,6870
2624,2411
9111,2198
6418,6011
6042,3388
9498,5910
4424,4051
7550,7654
8603,6038
1954,8862
5265,5018
4421,6734
5647,2968
5015,9797
9851,8115
5020,4270
2413,9353
8973,4928
4002,2138
7,1369
3247,5419
7055,3706
9755,4148
7805,6530
6648,6223
9939,6702
9443,9367
5042,7428
9545,7521
7328,225
6557,4202
5067,2375
1017,9885
5787,1192
9693,9478
2954,9074
3055,5700
4490,8554
8903,6227
7545,126
6595,431
1242,3051
2070,4383
5092,1707
5814,5651
1885,4046
6390,6600
7506,8242
1565,2089
4918,1122
7333,5011
3079,6997
7667,1822
6799,4867
6406,3096
240,2359
770,8970
7931,3783
4263,1051
7571,2631
7781,8082
4334,8850
5022,1391
7108,8822
6118,3681
1379,4182
4218,3974
6862,7753
7366,1761
5302,3133
5992,192
9480,1607
1760,4027
4185,437
5735,9812
1188,6570
5087,2377
3012,8780
3024,1180
9518,3028
7277,407
107,4133
403,6100
572,179
8411,3782
4270,7275
8734,5757
6872,4936
1757,5698
3464,8483
6830,209
3058,1560
7782,3684
5222,8135
407,9937
8458,8978
1830,6582
5589,5811
724,2749
2393,2247
6809,3984
7558,6438
565,1164
5514,488
5626,5728
7168,3952
9074,1134
5397,3105
4154,73
9701,2055
1004,960
9441,566
3704,3366
4209,7832
7710,1244
3400,5065
497,9467
1205,5509
7630,1969
6243,7097
4151,5479
3617,2726
6406,2553
2114,6399
9271,2515
1751,6524
4817,560
8063,4195
2501,6474
8496,7232
8646,6981
5207,3666
3192,884
2514,1621
4492,6122
216,6209
281,2005
8128,4587
1045,8100
883,598
7844,2295
5541,8453
3044,3749
942,2103
6618,117
8776,8507
4183,1700
2321,6216
2128,5295
4968,4511
7781,2652
4890,8605
7674,857
9812,141
8358,6950
7045,9349
800,5477
3131,1748
7522,8476
5039,7378
4332,6911
6110,1676
1948,3795
4511,9502
804,7129
4751,5597
4832,2015
2983,8129
8205,9978
3792,8906
5356,8999
5773,6197
7068,4996
8640,9900
2142,3248
6930,5738
5059,3277
9697,6849
3787,9687
4189,9153
2683,4365
1485,4940
7012,4573
244,2977
1084,2683
7471,5902
5084,9743
5179,9442
6382,6416
6552,5789
6699,7405
4898,8677
145,1982
1696,9060
3404,1100
3609,9696
2660,4261
4308,7682
2829,6438
7406,1211
5134,6803
4472,8311
2259,6849
3951,913
2199,8979
723,9158
8556,8537
6454,9694
797,7735
739,5123
7600,8112
4029,8892
9017,5656
3680,1129
115,2368
8334,8968
6231,5604
753,2016
3555,7718
4701,8238
7496,1677
7342,5776
2644,9348
5839,161
654,443
2509,2029
2679,8530
4715,2604
4951,534
7934,8629
6021,9761
1311,8847
5919,8238
3419,6706
1016,3210
7388,8394
683,5569
7531,8724
2446,1410
2173,5518
1016,6073
9538,4910
8322,5099
1375,2044
7377,5652
9239,8168
5165,2061
536,6599
6514,1347
2680,1843
4640,1769
6916,2692
6009,8123
1018,8378
8690,1018
89,144
652,7351
8993,7141
7149,3835
7896,96
2907,32
1664,7387
2060,6454
1765,1683
7294,9571
8379,6688
4263,6384
1534,9081
2987,8990
8068,2631
9687,9735
2084,4795
5100,782
9911,3038
4006,5371
2351,8662
8215,7933
1005,5130
3524,7352
272,842
7887,6790
3110,7428
4973,9319
6922,7863
6837,5727
6641,4842
241,3938
2642,5582
5181,2081
8369,2627
2209,772
3568,151
58,7001
9091,2822
7955,3879
5356,601
355,1641
3740,2897
7205,296
9705,6874
9206,890
4862,8826
7927,7864
4392,9394
1719,7697
9779,2695
1452,3223
2364,3219
5971,2496
2424,7728
3221,3799
9924,1364
6596,7894
2177,3993
178,7269
8771,9974
6443,3697
5892,5023
1894,4994
5405,1499
517,9130
8469,4571
8545,4685
3197,5970
7513,7100
725,1480
2029,2056
2366,3919
1141,6351
2971,8142
3013,1428
1225,8096
5805,8392
8243,2383
8874,8416
2769,8439
8500,2758
7917,4756
5603,6413
4103,7074
705,5641
9936,1109
2101,4697
470,9684
8808,1518
7398,792
2291,7369
9066,8132
9669,7697
9256,1363
8440,3496
9507,7448
8035,6910
3187,6000
8565,7686
145,9934
7226,5717
6341,9918
6905,6625
4576,6782
9898,7109
3974,3861
4681,3953
2623,2321
4653,7871
9537,3581
4330,6204
8694,9174
7563,1503
6377,1162
5898,7592
9443,5918
9462,6326
3938,2135
803,6863
621,1624
2267,7028
897,8677
3394,9177
2754,1903
2177,8036
4029,9912
3193,2164
9498,7758
375,9329
3873,2964
9808,4559
5175,2393
2809,2852
4655,8903
9188,8575
9176,2973
2546,9275
9016,5912
3913,4018
1947,5765
7916,617
9048,4952
5949,1816
7870,397
4243,3707
3398,5057
647,8075
3680,8380
4668,1076
8813,7422
4619,2211
4976,3109
3504,1802
9415,4256
3982,9003
7142,5200
900,5135
9858,6568
3887,4590
9912,1106
1625,1714
1502,7504
5702,5922
7997,4135
7390,2939
8540,3689
1185,906
8174,1775
790,126
6520,9955
4157,6015
2221,426
3487,9477
4910,70
179,24
8073,4780
4792,2209
5988,99
4067,3723
1635,2239
6566,9003
8719,6279
5870,757
235,9612
2745,26
8927,1844
3276,2109
7195,8457
8659,1824
5308,3672
221,6667
6316,8530
4873,6193
7326,9355
9006,6478
4558,2191
2023,7049
9525,1423
5721,9773
5134,4231
6008,1311
8993,6214
7935,3586
9547,5882
1370,4692
6235,85
7652,7198
2484,9512
6316,5737
327,6616
3094,7766
8136,4934
8330,7642
9047,9243
1237,2297
1644,8272
2072,68
629,5117
4528,2210
4052,8226
2300,7707
7142,6164
2971,9917
9774,1157
4627,3966
5916,1998
2361,7858
2260,2137
1206,2936
9313,9847
9537,3263
7412,9974
2444,8490
5948,5712
4651,4776
9630,3048
647,7329
687,6171
2754,7922
3636,367
4560,8625
3768,1577
5563,6213
5312,3570
8915,7773
1872,8297
6187,9566
1893,4064
730,7046
869,2059
703,6363
5824,6434
6656,542
1773,8895
8674,1565
9873,6620
4126,2733
9175,253
7395,6846
7557,3746
9761,4687
5241,8218
4269,134
3124,5826
7352,7599
5459,4006
2103,9874
6280,7971
5978,664
2915,3057
586,7651
8035,6123
5872,3517
5461,1214
3775,8048
883,2588
5752,4906
6916,3624
9241,8084
6054,5690
9638,438
5271,9640
3847,84
4837,5807
5047,7383
6659,8572
3647,6768
8577,5652
7481,8831
7261,7631
4103,3001
3845,4065
6694,3679
2060,4239
2164,3780
9306,2705
795,4042
429,3627
5215,3777
8136,3353
9979,1703
3514,4801
179,6710
8170,3336
4228,2488
6215,9168
7799,8243
7422,2619
3608,4790
9462,6868
3143,7464
2445,5587
3703,6612
2330,647
8491,7108
5658,3443
1713,8531
1152,1692
7150,1384
9823,7201
3526,9677
9573,2757
1380,4911
2272,3470
3422,7400
9015,7492
3977,9750
2278,903
737,6495
634,3421
941,4632
6830,6209
7127,3039
6401,7958
973,3570
9923,7313
1885,767
4192,679
9536,9852
4922,6661
4054,8440
825,8086
7,7427
970,6454
7670,579
4799,4848
7393,8021
2702,2273
373,4752
927,8515
3731,9954
5968,2702
2529,7305
3391,5174
1256,1982
8648,4555
4623,1509
3199,5497
5284,4920
6650,656
6571,1504
5599,549
9443,6357
3051,5591
8134,444
4031,6230
8959,9520
3716,6877
4339,7748
5589,2668
7827,9660
3491,3490
4203,8819
7802,3340
9727,9906
1473,9897
6013,9704
5541,6279
4430,2547
6879,3845
9486,4558
5032,4754
4859,3287
1306,9986
1856,6183
9267,4428
5260,8471
9893,559
8901,6977
6719,2578
2532,4391
6195,1984
2226,2713
680,4368
5623,1343
1232,5061
9274,5030
275,2105
1971,2760
9857,1925
6656,5638
7722,8928
9700,9064
9448,3990
2081,4156
8256,2008
9789,9782
5520,9143
628,4045
5929,8597
7275,9406
28,8797
7031,1176
7139,3020
915,6468
4893,7510
4756,3206
5914,2560
8009,87
8993,7970
8023,9030
9624,4345
7896,6880
9215,7804
8190,8706
9602,7646
1818,3283
4374,2841
7679,4572
7858,5958
49,5160
873,772
3309,2248
8305,3219
9467,5715
6834,2246
6876,4487
3251,6356
2668,2017
9240,1320
7607,8532
8890,6108
2600,982
170,1557
7884,1649
8145,8485
958,1820
7973,6599
1169,4896
7931,8034
6432,370
294,6089
8517,5491
5270,8112
3436,7907
492,1462
6022,304
1990,8784
8502,9260
4359,7214
464,9477
4412,2283
3288,127
6100,5809
3710,560
5459,5210
7551,3566
4303,6761
2091,3043
6102,5803
3679,8739
5879,3562
2529,3625
7806,206
8195,6456
6614,6440
2170,5182
2069,316
5771,3501
193,8289
1531,7884
3014,5825
3090,5797
3219,7676
1739,7481
6609,9230
3978,4269
7648,1179
338,1929
6509,7432
1742,9
3626,1363
5082,3231
1126,3779
2976,2683
5647,457
447,8095
686,1264
6650,8447
1318,6122
9081,2505
488,997
2622,2348
6160,3224
6276,5667
7263,4572
9149,4753
187,4981
1332,5010
802,4539
4805,4401
1009,9378
1960,2451
8931,9487
7030,6424
5596,7969
9496,9163
4634,8967
6443,7502
9631,1441
420,2750
5625,8406
6668,8730
2061,9344
5258,3506
1212,7300
6054,2883
6094,1051
4986,863
3690,3766
7920,888
1875,4767
8517,6733
2878,6915
7799,4372
5340,4419
3128,1872
5303,233
4141,7840
7267,6140
1728,277
8197,9292
5086,1703
7653,300
481,7040
2689,654
5534,9701
804,2407
7933,5582
2460,4997
7445,9059
9039,6856
1720,9071
4332,9910
5490,265
4373,6109
2858,6506
3670,2772
490,4006
3578,9900
880,7481
5190,3548
295,4959
8935,3811
2750,6279
4920,8280
5251,1026
1522,1162
3596,833
6113,3533
8150,5565
1879,8834
5200,5827
6760,8574
9037,9548
8678,1461
1807,6179
893,7759
6363,1662
9984,4625
5824,3201
5724,7239
2940,7127
4591,8790
7276,9816
242,3935
3058,7006
7890,9422
1968,4025
4500,8844
804,270
4288,3073
9148,1531
6701,4626
6131,8973
9681,72
8542,9483
5726,6513
1265,2651
1100,6213
7080,7441
5065,3510
2923,570
8652,5956
3126,4683
9538,3388
8771,3856
7247,3343
7908,4588
772,4353
9434,6452
5234,4481
3965,3890
9975,6184
5391,2648
3644,5141
7279,2621
1075,4558
1690,699
1979,4308
4661,3571
4547,9188
1968,4223
7798,1418
8190,674
9067,7206
3016,101
2324,2613
7809,7892
9807,7109
7815,6344
9456,6179
2666,5361
5716,1240
3160,5963
9178,1975
763,8147
9944,7917
2752,7842
7659,6012
916,5030
4293,5239
967,2449
2491,4724
7529,8428
1643,5361
9315,1178
7377,9979
7273,8849
4112,4259
6249,9073
7678,4654
4686,7925
223,4657
1286,1176
1869,4126
2042,2393
535,4909
9201,2843
7209,7543
6148,2245
7498,3167
5628,9334
8392,6510
253,3512
8393,7214
738,4024
9569,3747
4206,1226
2125,7255
5358,9106
5397,4884
1520,8943
3447,5690
1969,5041
7146,3703
2515,6289
7697,4549
1643,2488
3922,4222
5881,6892
6549,618
2502,9569
9476,3990
2406,3874
1916,1150
3378,8952
3623,8022
9165,5950
2742,1002
1774,3566
3343,4150
3938,7569
3037,1341
5677,6881
55,8486
1103,1569
9773,5316
6302,6531
9969,76
268,3475
834,2532
3420,6196
4821,7359
9078,1170
2272,3642
9535,1092
6491,4955
1338,3897
551,5398
2323,6265
7611,3683
967,8866
9148,2159
9518,5014
4965,9710
842,4787
2062,5901
7489,3865
6174,3731
4809,5157
2995,7331
6062,1907
3231,5867
8587,6857
6455,1330
918,8572
3654,6950
7311,8305
540,7636
5194,9080
2148,23
8231,232
4245,9000
2067,9710
834,6427
3404,5479
8571,8214
3030,4878
4891,4183
1076,5191
9206,4028
7564,2767
2205,7575
6941,2853
2999,5194
7314,6553
5286,9128
1253,4794
5221,5081
7933,4210
5488,4595
7515,49
1398,3652
2638,8969
7840,8305
7677,3723
212,7920
4557,8282
958,8192
4333,8824
7119,7023
930,7927
4805,8039
8681,188
3696,4394
5312,6072
8350,8441
1352,1008
7400,9224
679,4398
7979,5359
3117,1014
6475,996
6820,7034
5513,889
9128,3796
2429,5576
6800,9560
8646,5923
1640,8313
9736,1440
8218,4215
8888,7861
5268,2079
8292,4118
6590,3356
5951,3091
2448,4602
1943,8414
6075,4284
4704,8530
5730,6490
9075,868
6794,8243
9370,3795
4076,982
4427,3322
8136,5164
863,9381
7588,8349
9696,260
3484,4417
737,7302
9902,5039
1420,5494
2036,2247
775,8349
9427,4068
9667,8882
4571,2473
5514,2977
2383,4336
2875,1793
555,8953
4235,30
407,3884
2255,2946
6359,1675
5530,1459
663,3913
3203,974
1209,4396
1564,4204
1495,5911
607,9602
8862,188
5101,4278
7233,9412
4756,9162
9225,8730
4041,1206
7183,1638
6715,4420
9125,8341
8163,7276
6175,4879
9722,6492
4990,4993
1868,5865
5484,3473
7842,3545
1406,9556
830,5664
846,9329
9948,5865
286,7733
9316,6402
4603,1722
1706,874
4765,1222
6371,4713
2570,8351
4937,6305
1936,33
8063,4508
3569,9320
1597,1797
3742,4707
5406,7577
3306,3113
1388,1106
2561,490
5795,3220
6108,7885
7554,3549
1111,3735
1703,358
6741,3391
175,2317
9443,6916
2551,285
8051,6785
9234,2127
8100,477
7147,9405
6619,5184
5015,4669
8035,4602
4532,6768
9752,5835
6091,9523
5274,989
2885,8480
841,4286
6380,684
8101,8528
3306,7505
4020,438
2476,72
6614,2485
9737,326
5407,8411
1085,7141
4860,3457
9073,2103
3689,207
403,2389
8819,4024
7762,7523
6075,6253
908,4301
4330,6362
7287,5291
7036,6583
2045,5670
4634,2417
272,8065
5218,5357
8675,5683
6329,178
9429,183
8546,1635
5063,2574
3301,3216
1384,6184
631,6967
8677,5143
9057,7630
3357,1357
5836,1277
5721,1667
9259,9036
7444,5823
9379,8166
2496,7154
9044,8755
5321,9532
5048,7345
5864,3394
2925,2752
9080,137
9974,9344
3932,2780
6943,4110
7102,93
1703,9876
5527,7175
3088,1523
8463,5769
7106,5604
1382,4823
6516,2060
2389,6173
2592,2701
8115,8635
9389,3844
4403,8968
9690,6680
2448,5321
2856,1989
2500,9390
5268,4476
6083,3945
4976,8567
7472,7199
9615,3080
4085,8621
1715,8765
3440,7312
1717,3035
8602,2969
2810,3642
639,9758
166,4285
3262,2112
4979,6706
5333,7634
7909,399
2651,2700
2483,658
8882,554
1627,9501
1625,1658
595,7233
4707,8190
4178,4586
7980,9053
3166,250
3365,1983
7545,6030
6788,5218
9903,8037
3836,9239
5217,4688
5895,5440
790,7972
3384,2773
2578,2868
2483,7218
6657,9258
8959,763
5729,2075
1899,8211
401,2412
5241,1853
8476,5765
6217,1901
2740,4066
1535,176
6074,6438
4718,63
8901,4856
8904,4600
2599,6617
7478,2081
1218,4309
3069,477
4467,717
714,8511
4528,2365
5481,5952
4432,1495
6510,1227
6359,7342
4743,1431
1195,7139
6965,4353
3229,22
8160,9609
2144,303
369,142
5748,4205
6337,6288
3955,5233
4874,2490
5650,5509
4443,8261
1665,3269
7624,2667
3025,8337
2817,4256
644,333
2981,5036
4432,869
5962,6099
2625,9694
4036,8340
4118,1091
1985,3003
1905,9281
4511,6758
9594,1413
3291,2346
28,8273
3236,2501
7898,313
5098,5073
9734,1651
6006,8166
9635,5700
374,2954
6540,3816
3232,3774
6677,6145
5757,6282
265,3686
196,9101
3720,6213
5012,9452
3486,9409
484,4491
4527,910
3120,609
3018,6026
245,2255
4304,9253
8091,5995
1556,495
6102,6127
1393,2030
3565,9
3427,7261
9900,9465
3627,3256
4898,7193
7660,5586
6969,3700
5734,1429
1680,9096
4439,1543
321,1266
1936,3259
9045,1183
6819,444
2901,5929
1984,4432
5044,3852
8444,6072
5079,7478
424,9585
1656,3626
6354,2732
445,6803
6840,4828
3043,8408
2433,7665
4012,988
4863,4629
2249,3022
3801,7920
3026,5247
1007,7066
4029,6335
4908,7402
6513,6952
7989,9800
8503,7439
4730,7650
2221,1279
8618,5187
6768,3922
4122,1965
480,4871
8300,4599
1835,1529
3215,1981
9820,5970
2574,9104
7925,4957
5854,5215
557,7201
8021,8936
7884,7525
3010,1227
5031,9020
4497,1698
5218,8618
5610,5510
4224,7325
8572,692
1112,3613
7690,9347
5972,9687
5155,7137
6683,3745
9950,189
7594,6230
9616,6662
2935,4739
4294,1797
3846,343
6651,2673
8320,413
6028,2475
4809,7840
3804,6034
1722,3294
4554,2655
9517,3847
9861,3374
9871,7734
372,4576
5334,9704
6769,9805
7313,6601
7002,6904
2489,8121
5701,7394
3540,117
209,7271
8222,29
8485,2974
1498,3481
8757,8371
426,6437
8433,9804
9758,8817
1301,9432
4693,5864
8936,5504
4380,5196
7354,6950
4290,460
246,2762
3157,5213
5016,3393
4614,5837
9960,9579
1658,1114
513,7893
3505,4929
7163,942
8425,197
8834,2997
58,4046
3773,1916
1699,835
9781,3888
3064,9614
2738,5342
5038,7546
2874,4140
6636,407
8189,6001
602,2632
1780,1070
3614,744
1787,3589
2384,5831
6521,9097
7526,5498
9935,2363
6263,6719
2437,7956
7305,5068
6459,6426
8588,2839
9843,944
9027,8335
6140,1657
1551,4294
3164,2668
6669,566
407,9587
4974,961
7539,8605
9266,4430
7032,8729
6125,1466
682,6266
6003,386
738,8236
7081,168
8759,3820
3360,1181
860,9272
2159,4017
9694,4960
2889,8280
5565,5455
7744,5057
4363,5336
1186,9013
2753,7968
1296,8209
3983,8229
8215,7302
9894,7902
788,9552
5773,4150
4051,8004
8087,6526
2540,6282
4402,1264
7994,2076
425,8329
802,3570
865,8654
4220,7168
1371,2104
992,9950
3738,1016
2703,8335
629,6882
3439,1629
685,2702
2549,3195
5999,946
7547,3868
8281,2135
2124,3495
5496,6838
7227,3463
7676,5844
9875,289
7310,9467
2927,7892
1499,6837
3075,7905
5470,6104
2740,8249
3935,5705
2007,6991
3968,8932
4545,4029
6168,1390
6374,2554
5496,7915
2853,8793
6723,3055
7102,7240
3738,845
9215,9645
9644,8729
2088,2017
491,6529
9378,957
2269,2529
6342,5076
6473,6230
9630,3633
4716,6672
8404,2295
764,7797
7964,5600
6147,4187
6539,2547
2859,7329
8316,8313
3769,7491
620,3523
3728,9650
9780,9583
1396,1
1960,551
7189,3341
9230,48
5004,4795
2588,7248
4938,3958
4086,4231
5359,5282
8379,5519
4006,5768
4637,7214
8882,1901
4186,4095
3698,8951
9232,1280
3544,9166
3388,4462
4535,7440
619,6800
8594,3613
9233,1340
521,8183
4518,7696
8614,4544
7533,2939
5023,752
2633,3829
7179,8950
7899,5082
3834,4941
2988,2058
570,7830
2106,4798
6681,5638
4835,8993
373,9035
8593,8559
6655,8743
9000,6926
638,4092
2835,9770
4743,9764
6021,647
1148,6113
6349,1093
7084,8089
276,4417
2633,3531
247,104
7735,433
283,6307
1754,1686
6047,7100
3774,9543
4095,5010
1024,9946
3558,2384
4353,8228
1877,8213
5470,5777
5914,1157
4039,7924
6351,9270
5274,2239
1378,6921
9168,6012
3965,9227
4729,8842
9149,775
9011,924
3457,9787
8868,9510
6965,8629
4207,686
4669,367
7204,5710
2061,1246
7445,3353
7439,713
1977,1212
7531,8523
7072,5387
3370,8837
576,2503
6027,985
8828,6736
4482,6178
1034,6066
1290,9385
7586,2647
9776,7930
6118,7039
2053,5449
4405,2353
659,9678
4403,9042
4987,715
6924,3832
2704,1560
8403,9957
1374,477
5969,7251
8746,9495
5503,5543
5531,7279
7684,6474
434,8816
8668,7105
5631,6864
3997,5817
4751,1132
9537,9592
5689,7872
1714,5937
4216,4154
2334,9833
8526,4752
2346,1162
6003,7266
333,7473
1144,9459
1156,4833
6180,935
4599,1941
2172,206
3464,9108
2564,544
5540,6199
3663,3489
8771,9811
400,419
5154,6981
6646,305
5096,5976
7199,2143
501,4384
5050,9985
9208,6490
134,9234
8946,1281
1010,910
6089,7596
6867,7889
9695,4644
1703,3570
2279,3911
4284,3711
5254,4548
1898,3847
826,6829
9776,9820
4814,2526
7370,9829
1713,993
7000,617
3700,5249
6407,5971
3768,7564
4128,9039
2017,1984
8709,5937
3288,4541
1475,4241
4667,8316
4920,1730
5309,3490
7684,5490
9106,2942
3369,6667
3471,4496
5046,7880
5938,239
5117,2298
8877,5268
9168,7913
9838,2976
9863,2915
4405,6840
999,2382
7465,8708
2643,8022
5876,4344
7086,799
2265,1650
9788,8309
456,8916
1668,5117
5951,5056
1824,642
1639,1059
5111,2114
8135,808
257,7210
7213,8332
3898,5026
3939,3425
39,4384
5651,6132
4839,1533
1719,8508
6404,6027
2153,9084
8583,4618
3912,760
4593,1063
3655,8237
7910,9250
5683,2797
5929,6389
6339,7586
2605,7293
4029,4380
7455,2388
6149,5311
9932,3216
6479,6707
7943,1633
9488,5768
132,2782
4005,8733
5724,4725
4841,1884
3957,3660
8106,5776
848,784
1978,6569
6620,2490
9370,5127
6810,214
2072,8348
7047,9151
1776,7024
8814,7882
6155,5475
5819,5802
8301,8267
4200,2278
4135,8921
983,4088
5549,652
9177,310
2382,654
9097,9629
9555,1621
5136,5072
4672,377
6647,8092
59,1721
7587,6856
3304,7777
1436,1558
2658,1825
8723,3509
8925,3248
9865,1471
4841,8636
9389,6133
1337,3936
5172,4038
765,7388
3606,9224
7653,5397
5749,4760
4719,6390
6070,3898
950,9670
7985,5808
9213,503
7611,6152
3209,1484
3479,496
2681,1454
5792,2701
4710,9998
1210,8262
6789,433
631,6511
1035,8830
1065,6501
8331,5586
3739,9221
1590,687
9442,5531
9566,983
2859,636
3725,9572
225,3148
7458,1179
7223,8072
6451,1092
6037,6851
4623,9625
6011,1957
6326,6406
5245,3406
2315,7408
5852,2436
4402,4023
4067,1357
405,6876
5603,9019
6081,9487
8726,1333
3853,3465
6247,3965
8222,858
3337,607
931,8245
5990,6078
5663,8130
1814,1778
3317,6985
3458,7986
4292,4480
4513,1381
7259,3131
9121,4415
5381,1446
1203,5145
5796,7564
5491,8299
8178,7004
7215,2500
2368,6373
2161,3787
4146,718
9942,877
9045,9616
3809,5627
6301,7649
2722,4772
8916,386
4122,6663
2516,3165
7953,377
8056,9157
6098,5679
398,3790
3955,8606
2361,4514
2764,7908
5990,5137
9876,3867
220,9349
3063,325
5730,4117
174,3811
428,8014
1837,8696
1984,4021
7549,6684
5603,7888
9558,7543
1264,5683
7114,6417
341,4545
58,4093
4043,3645
9516,5111
2810,8469
9495,2924
2152,8096
6955,4138
4815,5091
3468,1485
5784,4182
8651,6856
7437,150
8461,5971
1226,5384
201,1993
4856,473
7337,3446
3974,5433
519,7458
7621,4605
4508,7034
7772,7562
8922,1418
860,8619
235,1702
5724,1127
8270,5636
5863,8875
3111,1392
9462,9744
1814,8361
6620,7348
6723,6970
1947,4120
7792,3931
359,6246
156,5186
7369,688
3687,6817
2111,3940
4323,5109
5063,8340
1866,6570
4865,8197
9265,5153
5910,6466
2569,9601
7696,6509
3234,6509
6939,77
7568,8766
9798,8202
4576,1802
7761,4249
9634,4597
2822,6937
3747,451
7059,4134
5072,3826
7153,9748
5082,6719
713,5648
8956,5892
7008,9399
548,4817
2509,5079
8361,5350
7659,2999
655,4709
3872,7125
2235,7458
2232,2979
5480,775
896,911
1299,5356
3270,3278
3995,6213
8410,5456
8454,806
4198,2718
4419,5750
4563,751
2903,7896
6143,7982
2395,3284
5790,828
3385,6101
7661,4830
3926,1509
1319,30
9242,8204
6560,2768
9696,9939
2976,1716
6967,2906
1207,3055
5775,3333
73,6042
1030,8163
515,7432
6556,6927
7743,3087
5085,2565
912,1612
8053,8653
3871,6964
8722,1236
3155,8317
1945,1631
1824,9386
7528,3339
599,6224
1056,8391
6700,85
1367,3996
2249,4296
6475,8749
2557,9434
2800,4968
1648,3475
8249,8883
1901,2832
424,8724
3997,4192
4384,6857
6727,1712
2603,6925
4640,1345
957,2806
5359,4376
8669,4691
7188,5457
2585,8997
1008,7191
8642,7239
8216,8016
5136,5162
6047,3470
6351,4566
6488,1904
4475,249
2480,6325
9266,8250
4905,3228
4994,6362
1099,4692
157,7100
4511,64
4293,453
530,2999
3170,9652
4245,524
3373,5416
2030,3611
7756,4548
363,8437
8250,941
6432,4603
768,3013
12,8947
5643,6643
4787,9603
3238,5330
2151,6885
4486,4189
3422,2401
7097,4849
6975,5959
9120,2257
2189,8303
2552,7350
5165,8382
1240,6553
4558,7514
3290,7886
6324,6896
7681,9502
5939,6346
7949,2251
6565,6065
2672,271
2827,789
2085,2983
2028,7418
5180,2090
7336,8903
6764,2860
9176,2753
7236,7564
8613,2924
9274,5635
7974,9158
241,1567
3359,4767
3447,9452
6885,5310
7053,8830
6593,1096
1210,4863
8218,3218
1493,9605
2039,7453
7235,77
7213,9868
6568,1540
8151,8454
2264,2424
9977,5223
613,8063
636,8180
3000,1555
6190,4136
6374,6644
9226,9818
5262,4343
3887,4453
8307,3239
4402,7726
8987,9439
9778,5851
721,2198
4413,5655
1585,8853
1280,491
5722,9253
4764,6675
4007,6111
8960,3334
7179,621
7172,7955
9849,5014
2637,5107
5512,7134
1406,4439
9198,7632
2247,7191
7998,7061
2139,7682
693,7984
4460,6467
2396,1755
7296,2954
4394,4533
1247,6989
5323,4868
5762,7024
6768,8700
4874,9114
3229,8636
4138,4427
2221,9845
7156,1430
8246,215
3193,7278
6660,5074
7092,8967
1819,6872
4816,5871
993,4042
9485,8113
978,8298
2722,9620
5086,7815
1443,6849
391,4125
1834,6563
2923,8139
1170,5157
4000,1526
6486,596
1776,4006
6777,5892
5830,2670
7428,6568
3881,8961
5329,4396
5543,9062
7907,3530
470,215
690,7180
20,6348
6978,9402
3945,4096
6476,4111
1776,9231
5161,4486
5126,9006
281,8160
8840,7379
3274,7936
8800,5177
7079,5167
4559,3470
2249,1287
56,9649
8951,3615
5098,5158
970,8245
9310,8103
2841,1653
9757,9319
4719,2953
9272,2026
6765,7658
4595,3960
615,8813
4901,2336
6703,9253
3947,4596
9941,3814
8051,721
9370,715
6363,8569
3195,7743
3555,6509
5234,4981
394,353
5851,2511
4559,7220
4102,3202
4076,3458
2940,4837
1675,6007
7781,1732
9322,7984
5656,2855
9581,4344
1101,7725
6049,770
8829,4414
558,2662
1863,5180
7010,8909
3124,539
6913,1708
2169,2890
1198,1740
2180,6218
5874,7811
6639,8307
7978,1044
7244,4728
6730,4476
9193,8996
9202,5031
5009,4122
5871,9187
5881,7316
6944,3166
4438,8467
3680,2282
9383,8327
4572,13
6155,862
6076,4817
8146,3405
3281,9741
6395,7769
9370,9401
4243,8250
6562,7425
3221,9618
9446,9974
129,3762
9329,6591
9453,3062
7875,4020
7776,243
8205,2683
6655,116
7513,7062
3116,2334
3664,8634
7895,6090
7377,8634
1301,290
9940,7827
9358,7184
6485,4337
5630,4959
2935,1487
7812,943
7694,8345
8645,6078
8947,5485
7427,5341
3694,6249
6700,289
5954,9539
5791,7592
8306,9787
3146,4797
2780,7730
7566,2566
4477,2814
7102,8934
6004,9201
6074,1635
5510,6193
3760,8238
1902,4942
253,7659
8451,4494
1537,5560
7960,8720
9745,8560
9831,5794
6710,2288
1470,3236
7552,5928
9491,7446
8455,6955
5856,5237
8689,6399
8362,5516
3517,4938
2877,3166
167,9208
2650,9940
3086,1304
2088,6701
3000,3317
5073,7653
691,3768
3113,3586
5225,7732
2847,6613
7886,6739
3559,4383
1408,8120
5221,1144
2706,6254
7570,5992
4819,600
7370,4186
539,9810
5569,5715
7586,1202
4749,4059
9053,2291
6100,8458
5101,9926
5917,4760
2086,8771
3009,3749
5347,535
1313,8316
2912,7070
7301,2613
6473,5956
2054,460
9932,8012
6357,8383
5930,6177
7848,2057
4060,9465
9122,4465
6021,786
197,5338
6909,5730
3474,9000
5528,1553
1546,6654
1328,8760
7832,1464
8719,4832
6711,2175
6705,398
3502,471
7567,1020
6658,2793
9100,2486
8999,1122
5953,4853
4837,5882
6713,1495
6619,7993
1168,8207
5343,6140
2165,5276
3804,6835
9148,2872
8104,1100
3357,7729
4736,5191
1813,2030
8551,4641
9113,4743
5618,8147
4965,7669
1573,5189
5042,7123
4083,107
4447,1953
4527,111
6553,8976
6062,2515
5376,8564
4065,1808
1203,7109
8453,9954
4220,7128
8513,391
9033,3260
3876,6433
8856,5289
40,2189
6126,9402
5796,5624
9393,3188
4390,6328
9612,9826
9073,4674
8967,5903
5134,3633
2513,7455
9397,9499
9552,7519
5984,5808
2890,1855
3203,5044
7271,548
9891,156
2705,8723
4106,1703
2447,2280
7073,1641
8947,8281
5355,2524
1589,3951
5612,6015
377,1562
284,4690
7700,5180
909,2919
7905,5336
3519,4415
3879,5808
6698,2246
5684,7801
4315,5614
906,9451
6747,7540
6966,1240
4750,159
8634,7722
8259,440
4911,7075
5627,8486
4914,1753
3530,1836
2017,6724
2639,4475
8458,2652
9675,4573
8367,2538
5210,8158
1594,2831
2839,527
5838,7304
6972,9386
329,3954
7549,9827
2074,3925
1079,1172
9156,8399
7108,8354
5703,7251
6513,4498
1743,774
4170,3586
9281,3481
5251,2231
926,9273
3349,3482
7586,6509
3931,8979
4460,9686
2108,4828
6093,7024
5931,2508
4572,5309
4836,4991
2939,451
2989,6279
3418,3042
9884,4634
2049,4036
7992,8001
5733,876
7212,5181
2521,6408
9662,9441
8266,3775
3122,1656
7294,3852
6152,8930
9289,4968
5514,3721
1980,6470
6814,1164
1768,5775
4375,341
2862,561
3706,6088
9721,9563
386,6760
6499,4869
1787,4554
1020,4613
8665,4843
555,5719
9504,3394
5865,3124
5595,3889
354,7310
2036,5916
5008,9253
7886,5674
9186,2872
2731,7225
3710,8333
8727,1998
1149,9540
1591,8150
9518,6614
5165,8344
6067,1277
6477,7224
1285,3836
7349,5830
8782,2318
9150,6327
4133,1865
3201,4742
2094,7101
5232,7821
3336,5061
9667,792
3996,598
3278,187
9253,2899
7218,1848
3582,6517
5791,6623
5914,8883
8261,2075
9033,6973
650,6074
7678,5030
4934,2858
8294,2427
2137,3365
3036,3570
6346,6744
239,8810
1356,338
3037,4539
4996,7950
3064,7469
6383,6026
4143,7283
1350,3302
3721,2830
3365,3758
1764,1019
4654,2163
4938,5160
8737,3322
1804,7006
2594,9104
6067,7003
8511,2713
4453,908
3516,2540
743,2896
1594,5442
3978,7908
8518,923
6597,3940
1214,1882
8276,3845
5318,3903
6354,6007
2274,5188
3534,2177
7914,3439
4607,358
7871,75
9891,7155
9054,7067
8655,7926
24,494
1307,5821
8973,1119
6288,2848
8397,5145
7986,567
4352,2137
4542,2456
9027,5936
7554,407
476,5489
404,7264
7362,2567
3437,389
1897,3420
7274,7953
6704,545
3072,5314
3292,3226
4240,2162
7,271
2315,3302
4258,8359
3339,6878
7150,5191
1921,6537
8542,5349
2361,6968
943,631
3473,5114
1561,8772
5993,7351
8796,7749
7487,3068
9568,1595
3343,4338
181,3026
9609,2018
610,9871
3213,9795
6078,7573
1386,4413
6548,2393
779,8107
6823,6885
5479,5653
8822,6304
91,8739
7581,9829
3355,7409
6639,5147
1681,6150
7779,4500
8486,6721
7944,5683
6363,3008
8554,8981
5189,290
2480,9302
1560,9536
7495,317
7842,356
6707,804
9908,2838
4328,4060
7555,2635
4086,4387
5251,7544
5654,9836
9790,8963
4642,2164
7121,3715
1992,8548
1301,4295
800,984
4934,5388
1436,2812
5968,2517
8534,2698
7400,822
8348,940
3386,7879
4319,6112
6260,8184
4878,165
4869,2487
7668,7907
2530,9722
177,7863
3467,831
9613,8858
7207,7394
566,9512
3924,6243
2723,6757
1348,1155
3360,7412
2307,6985
1511,2894
2708,9019
3000,9567
6736,5380
4256,1086
4336,4838
1554,4404
673,1217
1291,2987
9528,7641
959,3295
8772,6461
4581,4220
5360,9726
552,630
8398,9831
5232,9516
8265,1193
6712,5215
7614,7516
8180,3320
163,6259
8699,5819
6495,4764
2022,2190
5627,8627
9394,5996
9190,1872
8652,6204
8847,6619
3245,3200
7271,1564
981,647
9702,1433
8182,9596
1745,1029
1924,6649
4063,7043
5024,129
7547,9489
4868,6592
9263,2175
3532,3415
6651,6660
3601,9651
7109,5463
7023,7638
2413,7790
1041,6791
940,4873
6957,3843
6486,4344
7654,3609
6099,6279
9965,3306
5624,7194
956,7660
1932,9815
5868,1715
1198,7609
6178,4770
2029,2289
387,9680
6539,528
4231,6453
848,911
4846,3473
803,6625
8391,3346
548,6383
3035,9182
4568,9885
8516,1770
4433,8129
3448,4174
8045,7852
4547,2574
9973,4213
8077,5560
9296,9216
5422,4995
58,8336
1429,5699
9518,8026
5877,7946
3639,1742
6376,143
1173,7088
9996,7690
2641,4801
9123,6251
1391,5993
4800,7837
597,730
351,4230
8000,5844
8379,7134
4558,3614
2294,4582
5610,4144
4679,2425
8683,3608
7063,1244
6148,3781
298,9110
7842,448
5990,3860
5924,1983
4024,8253
9603,1678
8785,8851
7606,6667
1529,8382
2857,5754
1319,9560
9084,380
8639,2667
6050,5590
6498,3453
9288,1185
9468,5065
7911,8255
224,4699
2895,2567
978,9031
3002,5357
3030,2739
8735,2744
2067,7536
5052,1825
5145,67
327,8038
5858,675
4298,8436
495,8738
2432,4080
8592,2161
9384,7931
4186,8511
4980,8413
9427,245
7796,7977
3116,8184
6725,8281
8770,9390
4945,7257
7677,1303
4249,9558
3625,4627
7481,326
460,9010
8618,5340
6542,1591
3789,2032
2061,1817
5716,7370
7926,7837
6078,8083
2790,8129
9482,835
6416,8064
2829,3442
1048,8121
4805,6260
9747,3986
3391,3252
3211,9400
8604,5086
8738,7985
7748,846
479,6387
3323,7288
7431,9690
8423,165
6016,9641
9696,3521
4729,5208
491,7112
1388,9725
8886,7986
9125,2140
1250,9739
593,9262
9359,3344
7233,3732
6444,7701
7651,8176
7573,6656
7511,4522
2016,3256
7337,7196
3788,3710
9954,1190
127,9885
8094,1121
7993,7331
5177,6814
5166,1716
1642,1384
7600,4828
96,6657
5606,4010
7377,1783
7726,303
5397,4160
6580,840
1871,3731
1729,7774
8716,6881
1504,1533
3553,3172
3804,6101
5466,5535
4738,5808
7217,9374
6151,8846
4174,9965
3170,8052
5379,8993
7691,1971
5369,8452
3752,7582
1807,3456
6055,3546
2323,3313
5453,5132
5546,6610
9487,6958
755,3638
8047,371
2538,6647
412,4180
867,3940
4079,7259
1585,1755
794,8992
8935,6285
8378,548
5816,3087
1342,7566
9496,7435
1433,6513
2855,3613
3652,1685
200,8199
2467,6486
1104,9042
5691,4037
5922,9276
3958,1053
8313,9088
3947,205
6725,8441
1790,6162
6200,9985
754,8894
5322,8454
561,9373
2437,1413
7965,7344
9567,3424
8503,6027
667,9637
7977,8677
7244,443
5684,142
5537,9851
312,8390
6869,4585
7691,4007
5062,9684
2725,4010
9890,4806
6491,1095
4871,8011
3198,7027
6084,549
6865,1842
2477,4281
8515,1766
6993,2408
6276,5888
3914,2824
5845,1926
2144,1210
2782,9288
4623,3737
5725,4536
5553,588
5020,4101
2585,7441
4586,8380
6678,5830
7568,8160
918,892
332,7820
3735,2246
1301,5820
2059,6736
3786,5692
8654,6634
5988,4317
7281,1793
4872,8387
8826,1170
4305,8682
2775,2893
5138,1513
8519,7896
680,7462
1052,9248
2513,7260
966,1210
5430,2030
337,7363
9018,3907
2322,1385
3866,4472
7522,7415
4431,1096
3531,4818
6980,6689
2617,6714
4698,4601
6765,1063
1833,241
5148,9226
8892,6477
9392,3330
5984,9814
1243,3480
1860,7106
1,2011
8622,5924
6597,7725
1280,2347
4192,5147
6039,5081
4659,5128
1405,5386
7035,9887
1389,1602
3538,783
1530,9542
2690,9815
136,6184
1087,9915
5023,8359
755,3807
4924,4428
5533,4738
629,2116
1520,5560
6902,4212
6786,496
272,1204
4138,7595
9880,4231
8126,2715
7579,3778
9250,9716
6542,201
1450,9120
9714,2906
1163,9770
6500,701
578,8979
8245,4144
9259,2092
3167,5944
1975,6621
284,4886
9271,1380
7536,828
5476,6520
5525,1409
8497,2332
6744,5805
1879,9187
2500,8183
1742,9739
7274,8717
4813,7915
5412,3540
9903,6362
4988,1337
9983,394
3397,1795
6094,7823
5639,1577
8791,896
1776,5279
6804,3256
2458,4442
8341,9058
1358,4239
2880,2136
146,2211
3779,4073
9269,5932
5635,5624
788,2777
9233,6594
1173,6183
2621,6468
3462,9870
6082,5752
7084,1057
8927,1912
2722,1179
4457,6956
2170,4153
2251,698
5162,127
9920,4336
3591,7984
8351,7969
7420,2055
2327,9637
9227,8922
1908,138
772,5036
6188,1392
930,3868
6880,8920
4821,8918
4794,5295
2541,747
4384,4524
7164,3086
8486,5195
7501,2661
1545,8749
4516,981
5042,2336
1591,3341
4044,899
8575,3660
6356,7288
7619,8187
742,3039
4976,9036
6977,9322
4716,421
839,4348
651,6669
8695,7977
8624,3740
2353,2424
6967,4343
5008,3134
3569,5504
4393,1887
8592,4397
8232,6660
116,4247
9049,9834
4803,2373
6303,6338
7218,6638
2445,9076
9115,415
4739,2609
3937,1572
2318,8497
1923,9515
4404,1169
2695,6801
105,4627
2933,7717
5445,3149
348,371
4253,6738
4363,9921
9192,22
8992,4957
530,5543
1952,6563
4503,4078
6443,4583
483,6191
9298,4967
241,9813
3718,6822
3684,5911
718,7429
1832,4224
5926,9908
8028,5406
9848,2221
8292,8747
6107,9086
7076,3839
2062,5954
2947,2416
957,7195
8894,8501
7667,4454
5033,8023
4499,2900
3245,2430
5107,7849
4485,7139
8392,1538
1606,9104
3314,5280
5505,308
3649,6043
2081,5808
5394,8922
1605,8260
618,167
9703,5444
380,6265
3810,1366
7280,1525
5287,4423
9217,1114
7418,4806
6378,7378
8223,2731
828,5289
1482,2759
2774,1324
2322,3726
4456,756
8636,3648
888,6878
1032,8847
7739,7061
3106,6978
49,6938
6958,4237
7601,1679
6180,860
685,8760
4395,4770
9456,2528
5673,6911
3421,45
7895,2295
7033,6560
2402,6599
8076,8671
6297,7355
5959,3895
9852,3439
3597,420
9954,5013
7715,164
8647,5144
4295,6048
3033,3826
9994,1639
6340,9968
8141,2843
7555,1506
7373,2318
202,8829
3454,6863
6211,4818
7381,2674
7069,6412
9312,7205
8829,84
6689,5611
8157,8314
1673,1897
2160,4063
6910,2478
6450,5699
8592,5546
5490,6055
6831,1707
5617,4441
6880,7139
6005,2125
920,675
6584,486
2099,123
7690,4548
7697,2461
3546,8415
186,7758
3499,3360
4463,5012
5794,1460
8297,7388
3311,8187
3828,2718
845,8529
8543,4217
2896,4058
7231,2914
9,9507
9182,4025
3613,7939
7050,1257
6592,9684
857,9833
5852,2572
357,1006
6660,4682
7417,9392
7088,4327
5837,6460
2810,2876
775,3360
668,4821
675,4716
3734,544
6952,8294
131,525
3551,3634
117,2441
7858,9607
8271,1803
1560,7515
8462,7760
1743,9928
5378,5149
6508,2562
9040,2592
4760,3931
9696,7093
4773,9975
3615,9997
9767,858
8546,138
5321,2550
3306,3026
7164,7542
7677,5349
660,8597
1927,9493
9228,964
3653,8299
2133,1370
8911,6163
7860,3842
6956,6601
3134,4910
1743,2710
9613,2180
1522,7221
2302,33
6819,7597
40,9462
8051,2546
2562,6205
1851,9659
4098,9209
7670,457
10,1213
918,1205
649,4641
7904,1809
28,9950
5342,8923
8800,2506
1862,6379
8661,6504
9539,1014
9904,1463
3641,5271
31,87
2454,7481
4751,6595
6870,17
954,1042
8922,2080
308,4905
2546,7322
4438,8326
6117,5647
690,3619
7478,6061
5645,5952
9508,9554
9915,7583
2757,1821
9243,6229
7597,7895
8078,2564
3681,5255
8059,3449
310,1839
6571,2670
983,6746
98,5720
5199,9186
6990,4940
4828,976
6832,8447
255,2544
5685,1809
4991,5168
3921,5135
7980,934
8763,1215
9476,8661
24,1024
3233,7225
2206,345
726,1639
3411,3857
4932,6467
4973,2474
3831,7133
3707,8026
6586,9099
874,3816
4128,5861
388,2876
3517,7056
5947,3799
9983,9118
1430,7681
6184,4073
7470,934
5098,3090
6085,8485
2095,8594
1838,3485
5644,4010
7167,387
8173,8081
6889,8770
317,7993
1707,5682
2873,5535
2475,6604
306,505
493,2415
9442,510
1912,7141
8656,9202
7748,3672
6808,921
6772,9574
9759,371
5407,8781
4926,2397
459,665
480,1470
36,71
5562,5170
1810,417
2866,9747
746,6534
7462,5506
4407,1537
7843,4450
1139,6070
987,2441
6955,3090
6617,3579
6200,103
266,3894
7513,5884
5774,9009
1078,8166
1044,3916
4489,8452
2142,4371
3044,6949
6100,2844
5499,7593
8021,2586
799,7019
6045,332
6683,1511
8946,7490
6226,795
4222,4250
4009,5423
8897,1733
5046,8507
2477,607
8289,2065
2829,3310
780,9587
5113,3389
5432,8903
6300,3878
5647,7318
4573,1345
6961,9338
6109,4416
4953,8698
493,734
7969,4758
2907,1460
7418,263
4321,8571
6831,6300
3626,4948
2792,84
1827,7974
1572,5362
1312,7800
9222,9667
5921,6146
585,6345
1784,7890
9675,8216
551,4873
5831,1493
7008,3295
990,7873
8052,9756
2998,6665
9987,9986
2180,544
5128,5551
8325,5734
8035,927
1227,8431
4003,5384
4435,8395
3226,6051
3321,8505
6234,4775
57,4402
848,1063
589,1981
3189,8210
3618,5364
8801,1156
1607,3813
6740,9557
8428,3689
7378,1445
988,1368
1444,7600
5697,6066
813,2502
6419,9130
1497,5364
1576,419
7838,1888
7743,5641
5007,8899
4261,8232
1608,2294
3225,2375
9869,943
4661,7405
3253,3800
1359,5121
7774,3585
878,725
8730,3407
5183,4608
1059,3186
4150,6257
2521,2104
985,2224
8090,9332
4158,3329
681,7680
476,8362
8380,5054
3364,648
8518,9149
9041,6521
5325,6345
4630,2029
6757,9991
1129,931
7684,402
9052,9758
5120,9108
7372,3029
6492,12
9132,2148
3143,6590
11,5413
9739,2483
6494,624
7884,7252
9786,1082
6828,9332
2724,5368
4537,7350
3425,2664
7795,4011
9656,2646
9284,136
8001,8951
1406,7402
3116,7258
2894,7244
4194,6823
6554,3903
1542,8234
7431,5567
2835,7516
8919,3272
3750,4965
9176,4769
1243,7331
4721,6906
8690,188
3391,2104
9713,8658
3891,7257
6387,3082
4325,6746
1688,8725
1460,869
3569,2199
7221,8810
4153,8746
1494,3901
1560,6513
1393,9061
9082,9354
3533,5625
9507,7162
9698,6089
159,1071
2711,5633
8247,8810
217,27
1682,4229
3094,4772
3905,3598
6469,4416
1710,845
5172,439
8290,3894
3580,2301
9098,2580
7477,4259
1785,3044
8152,922
5360,1052
7200,4618
7569,8111
1873,443
8198,9755
8851,6268
3069,3982
2746,8175
2311,3774
2440,9279
6699,1045
5294,1137
9730,812
5452,6325
1598,1108
3436,6712
1564,1165
8241,6622
7875,4287
9818,595
3651,8868
8711,7451
2944,4975
1323,9576
5912,9442
449,1114
7054,629
7521,6676
9988,1899
6438,8789
6802,769
5162,2590
8753,6630
6201,1328
428,4921
6894,8624
5482,9026
1744,7597
9978,3069
6855,2732
112,5933
630,4491
6548,9691
6934,1426
7170,20
4808,8783
4953,7468
2239,2387
266,3468
3622,2789
6185,4869
4682,142
9245,8149
2969,2826
3661,5973
4731,6559
2686,4279
6645,5089
5554,2863
1351,5239
1894,3474
5246,8607
9838,8207
7600,7711
2474,4967
9962,639
3856,8607
8921,8054
450,6389
3619,3239
8264,4581
910,3068
8686,566
5541,4414
6577,270
8379,2628
9680,5638
8727,9729
1092,9565
2770,8116
8243,409
8348,9267
3238,2461
349,6866
7609,4708
7999,230
7866,5736
1658,5620
8191,3657
6110,2493
1793,574
527,3972
8607,4587
6783,2547
8706,9642
445,9419
1856,5455
2332,1309
7460,7207
2792,9584
4199,1202
543,4891
62,8586
4668,9802
8691,3835
4042,47
528,1373
2153,1500
9717,4242
6738,5493
3996,2933
5072,1722
3130,3329
505,2402
3004,2914
5140,8703
3191,9324
6651,8725
7514,2377
7862,1341
4514,8772
6934,7190
6246,8492
8623,7676
6664,9698
9968,3401
6977,9515
9020,1243
7326,4647
33,6425
6783,1341
9806,4315
327,8915
9036,2450
5191,6598
4803,4739
5725,7437
2584,2188
2749,2832
2308,7435
5746,3187
4377,1301
6745,2396
2279,7197
160,6664
7843,4272
8795,568
2158,2891
2497,8814
3547,3720
8386,857
4829,2189
7199,2520
1167,7472
8832,5878
5741,5286
1992,8746
7287,3567
6955,1338
1584,9474
6296,9427
9162,2812
4106,2366
6845,4584
5226,9202
3671,3710
3843,6880
132,4297
9002,4465
9648,3442
6462,1152
3484,300
9039,4162
4734,1760
9423,2638
7068,4226
8454,5932
1332,691
3112,7651
8184,2043
1785,8568
2031,5986
9005,5764
6118,8578
3688,7622
175,1407
4200,8769
5134,1055
6961,6368
4324,4214
8470,7916
7521,6556
9656,2073
2921,5970
2919,2663
2079,4700
2076,4137
2996,4819
9962,4128
9947,6092
7065,9449
770,9489
3435,1921
1580,2160
8430,7820
8391,8712
5987,4586
3889,3456
1167,610
4912,3243
9468,8937
7541,604
9863,201
6417,7051
479,4837
4498,4155
6811,1997
580,6758
9115,901
7533,1433
9937,3370
949,8208
2712,7830
9514,5866
9366,6379
4185,5202
1208,3656
6102,3428
7394,8376
5139,4281
7602,6662
1967,4878
119,4285
6883,7490
5115,714
9822,2859
2521,4960
5185,9627
6537,9144
6243,4526
4070,4455
1214,2036
7238,1591
2336,7648
4424,8241
571,2415
279,255
9381,8956
5152,727
2309,2190
726,916
6165,4483
8461,9211
2560,8082
2461,2196
144,5419
8480,6454
6381,3184
1148,9671
77,9612
6383,8336
1775,3901
8828,8742
8559,1512
3707,1671
4801,164
2855,9872
4154,6642
4293,3314
9059,6875
799,7187
7427,4757
3202,4056
3659,7197
9072,3640
6898,5006
7650,96
9944,570
1210,3454
398,2848
8540,6774
1289,8402
1426,8108
6158,8090
6725,3411
2498,4725
5154,872
739,2016
2539,82
5067,1233
4411,2986
9711,354
9297,5406
3743,4475
785,9716
3341,7465
7937,1149
9984,2274
1287,2360
2658,4610
9980,9585
5560,6096
9164,1021
2888,3928
6809,2408
9012,5045
7834,464
4824,2499
5069,2288
9841,9666
2941,4120
2703,3624
3338,952
7024,2576
8973,5454
2350,341
8293,3699
2136,2664
8560,8713
4799,6263
4469,6135
7082,1889
5822,7975
6253,873
5060,6338
4185,2571
9160,976
5325,6344
9634,4932
2250,8764
6311,3010
2005,4392
8338,4518
5415,4997
714,6812
4328,3724
6317,1563
2137,8620
8251,88
6746,3787
2600,7190
8606,6750
5017,5153
7388,2473
1054,2973
9744,6903
317,4080
993,8296
8325,6180
4180,5531
9951,9294
633,8822
6988,3612
8208,8217
2832,6721
7672,9269
95,9121
1065,1920
1549,1921
2183,879
238,4126
7504,8534
756,66
7748,7546
1410,7578
788,7666
6409,8913
7724,4695
217,5504
1774,9611
2250,6331
9636,7468
27,960
2993,8271
4145,4420
5269,8603
8984,2721
1363,9806
5378,3631
8603,1726
1572,3077
4917,7147
4309,2387
7709,5746
5495,4069
8426,794
8245,2436
8820,2229
7922,6286
3180,4022
4094,1696
2417,1658
2063,6764
764,4807
7167,3509
8499,3164
3918,7999
1038,682
1275,2192
413,6253
3652,2038
3951,434
2898,6457
6076,2824
5037,4768
7699,7837
5193,75
8808,2734
8307,1613
8484,8728
5646,9322
2044,6912
4831,9019
2542,7042
4434,510
4694,7284
1634,9119
5512,5036
5187,6217
278,8667
2816,6726
9830,7222
4924,850
5820,4087
6415,7383
6317,1856
1946,1950
3500,9014
7746,6722
5380,8641
8077,2698
5178,5662
3313,4528
1394,8894
3697,2445
8072,4750
4229,655
9419,9565
3616,1726
3471,8797
1568,6033
8345,7821
8585,886
5407,4326
247,7388
110,326
8070,7668
2145,505
9015,9193
9749,7288
5201,7336
4587,5545
2383,9554
2078,6980
5264,9830
4926,7170
3029,9570
5520,9214
4128,6739
4438,3574
92,9057
5058,5883
3303,3410
8242,1242
7978,1554
42,1832
1495,1378
1972,8353
2848,7076
7352,1396
5612,6320
1726,1422
1971,1444
9802,8938
8509,911
2177,4689
9769,1873
6945,3541
7942,3037
6730,6840
1722,4484
7671,3395
4044,4937
1419,9055
1441,9014
231,6756
8899,3766
9857,3818
4421,9083
2235,4802
3144,2171
9099,5053
60,9061
6466,6047
9072,5045
7742,6989
3942,6856
9093,6727
8454,5849
7372,9665
6695,1253
2643,2
4910,8223
5669,2695
123,9509
4068,4858
8513,7683
1907,7114
4990,4672
2718,9657
1683,2461
9318,8525
9807,5805
1529,3347
6027,6203
1450,16
6420,2104
4034,7700
2635,2965
9390,3597
128,9082
7219,2536
9324,3192
4640,658
8587,8279
5797,66
3575,7464
9999,2415
7389,2002
1491,5876
7708,2943
7237,9480
3951,8682
3372,5187
7893,9058
5437,8340
726,9761
6611,3023
7954,9452
405,2342
7824,6711
2058,4196
821,2935
9504,168
175,7160
915,6146
6757,4004
7424,7734
2743,9557
4359,5658
3614,3839
2461,573
7241,3352
4635,3754
3442,7393
47,5380
4293,2126
1778,6734
7845,9804
4057,6681
23,348
5785,7307
12,499
2785,9523
303,4988
5951,5035
1361,1919
1863,8721
3598,2115
7566,1341
7420,8257
241,4634
5786,2397
7938,2023
523,6156
8693,6143
4960,8332
4838,6713
3865,4794
9348,768
2675,5946
5589,3237
2812,1172
4258,7615
5478,7602
7354,1083
5603,2112
4233,8634
1294,6861
4366,6583
9084,5570
6265,3893
5877,8187
3658,949
6729,7941
9733,7725
4923,7768
4826,872
5478,6015
6851,618
1458,3075
6690,3552
5988,1178
3756,1583
4629,7872
7254,9707
2175,4843
9593,3500
4264,5792
2716,391
1993,1548
1845,3264
7010,3704
4763,554
6623,7180
165,5952
4698,9557
6030,656
386,5133
186,6445
7363,4656
6647,8177
614,3309
7169,2101
1171,5638
5994,8711
7645,3537
6488,9005
1120,2076
5639,2848
8491,7725
3687,5613
1073,6875
4783,5341
5124,7667
5600,9793
1561,3913
986,9896
839,4283
6856,9257
2394,429
6463,2371
8973,4753
4765,1499
1538,3080
771,5989
2470,6446
6445,7424
6391,6582
6454,6194
9789,5066
5711,5916
865,589
797,8393
1134,6394
7999,9704
2938,8270
9619,8638
4417,9441
3841,7597
1911,2911
6619,6046
3397,4036
1120,6881
9797,1722
3094,4404
2015,1634
2568,752
4880,9639
7290,5443
22,3711
1119,273
3664,3341
542,1166
956,616
1392,4758
2666,7952
1630,5066
9574,8047
4568,6600
4393,7566
404,5072
2700,2283
1215,2921
7427,7889
7589,6970
930,8227
8430,4600
9172,6189
7059,8920
3011,5413
4200,8632
5417,2403
2958,4229
2774,712
6750,8889
8707,248
5705,6173
5473,1256
14,7474
3197,1766
1939,2175
611,2769
5336,2240
1207,7721
3822,8578
48,3129
1372,7847
4409,6714
5507,5806
6966,7539
342,5101
1266,756
5939,978
2031,5271
6250,9914
7431,9929
3246,211
1250,5689
7362,6260
4536,5132
525,6734
6872,6155
6853,8542
4685,8651
9274,2304
4878,311
5287,1332
9843,4390
5758,9728
1228,7484
2961,1566
8654,5307
726,1986
8576,1555
5074,4838
9869,4885
3143,5224
6833,1032
9649,186
4370,2803
8746,2715
1812,6761
8027,9525
75,7018
6638,1460
5020,5345
7312,4002
8344,3694
648,7311
4274,7982
7248,7617
8942,3686
4687,1398
5700,4143
6807,2099
1439,5225
6882,9517
5543,4794
184,575
882,5040
3824,2006
7462,1767
8179,6523
8531,7802
241,2093
6246,1421
4225,9598
5422,7821
6203,1082
6596,9124
7724,3502
2666,6833
3463,1135
12,9365
5262,5340
5081,9858
1463,2842
655,267
1243,1745
8049,3584
7361,1262
8585,3024
5769,8144
7832,2475
8094,5620
8925,6391
882,8912
6911,2186
2324,2423
5741,7380
7235,8190
2918,7619
3781,5594
8081,9042
161,6400
1543,8098
2060,1149
1471,113
8512,390
7296,2127
6524,736
7272,4741
4664,8021
2132,4008
784,2553
8393,5723
725,4184
8781,7610
6241,2639
5110,8199
1145,9035
4664,3661
4637,9528
5183,2917
6247,7843
6002,465
4348,6563
2109,4684
4035,3214
6571,8706
166,3889
2227,4862
1625,2717
2193,3672
864,6083
1071,8894
1019,4283
8077,6859
8799,1891
1684,7436
7825,3457
3101,3625
2901,1115
4915,9111
8649,1221
8590,8071
3626,5948
7892,6922
2229,4651
611,3243
4079,8565
4470,1637
1836,6010
5695,1337
1009,430
5315,4966
2039,2507
9533,5714
1502,6013
9699,2091
4512,486
651,9070
2750,9490
712,6287
4839,1289
1651,5972
4923,9042
6160,7746
4516,3475
5878,4474
693,4240
8219,5900
5991,9059
7290,4120
5267,6638
8692,8355
9281,7695
8104,6430
4069,1526
539,8026
4998,1134
5020,4405
1595,1022
3207,2103
3171,1992
3071,3322
5778,5447
8465,9273
5453,6013
1929,5113
1158,730
782,49
3579,6948
5247,2983
239,8576
7079,3051
8505,5128
7700,6885
8662,830
4858,1934
2309,3073
7685,8721
2059,2344
641,804
1479,1414
8697,203
6659,6296
4528,1394
9677,9228
3658,3333
6911,5855
5504,4759
8497,1887
3812,2108
6769,4689
2664,5880
7909,8103
9388,7980
4541,9392
2723,3887
8434,7013
430,9278
9437,2175
8175,1535
8918,9792
8449,4826
1370,5238
9052,7687
5071,6962
7687,7005
2484,9708
9762,6322
3520,376
3390,6839
6025,6059
1388,9660
3136,4698
4364,2894
8789,6105
6749,8607
9618,6101
5564,8586
5632,7632
5908,4121
5512,1667
6748,9578
764,6883
7783,1686
2188,9943
4775,2106
229,2581
8557,2732
1724,7446
4313,6679
510,5057
3864,1278
3032,4201
3087,2897
8575,1300
3964,7313
6874,3053
6176,7569
4132,509
88,8356
1072,2571
1747,4032
6224,8388
2392,6126
8849,2894
7692,8724
910,2100
9254,6072
6959,891
9994,9436
6948,9908
287,9059
2527,3571
3591,4062
3766,8244
970,8927
3501,7411
3373,4921
1047,6152
2239,3996
9543,7428
4322,4441
7231,6205
8836,5751
1216,1081
119,6450
5729,3436
9463,738
7673,9337
3099,4007
7929,6630
8854,847
3266,1137
2906,2143
1935,3450
811,8787
3758,9284
4840,329
8103,4011
4117,2004
415,129
8317,1823
5822,7174
3570,4882
8101,4153
5671,7269
4068,4986
6166,4809
9222,4297
2382,8091
4049,6860
1709,288
6739,2923
1694,6221
783,3573
597,7946
8701,7158
1137,5891
8272,148
4393,5166
4288,7062
9957,967
5334,6581
1172,1565
5181,6891
1077,8863
7617,7420
1530,6471
8195,97
5460,1757
9533,1494
5627,7328
3386,5896
4002,3854
7183,9664
6562,7403
8006,5133
8656,8888
8739,1628
6991,573
5164,9963
4855,5968
8832,4067
8799,8029
1494,5522
8606,8460
9147,500
4406,1138
3340,4177
6026,8576
5543,3988
8852,318
1113,5513
2320,6806
3821,5839
4267,4927
534,6171
2801,6916
746,2847
883,4281
283,5703
48,1983
206,9986
4662,8255
7873,3750
2758,6733
6394,9464
929,9757
3012,6774
4052,6324
5320,855
8991,9580
1406,3370
6579,1121
2021,2527
2161,1277
6257,3560
7547,1615
3987,5371
5409,5068
1613,9115
8371,2775
6145,9391
3970,6933
8136,9302
5510,8513
8513,7423
7588,4901
9881,4278
7590,9670
5177,1478
384,1393
3920,2201
5674,2140
8550,8639
2860,5519
3638,8594
5810,7722
57,5171
1520,8028
7911,4454
3141,6347
3238,2547
5149,3974
7602,8798
2967,9579
1003,9659
5057,3514
5867,2077
5362,3548
8226,7363
8734,4047
7330,2723
2502,8275
9049,907
5400,6685
4662,9344
898,6449
3831,4695
7891,306
7545,8494
2512,5853
7877,7395
6795,4323
9267,8357
7157,324
733,1978
7114,7127
6728,7081
1783,2855
7448,6675
7008,1491
6756,2020
9570,1563
7061,448
500,7102
7089,2804
8167,1615
6363,1217
5118,6643
6119,7322
262,3292
2068,7800
8332,7926
2884,1989
9795,3392
5959,8397
7843,6675
7217,9468
7137,7289
831,8918
4979,459
6899,8193
6857,5458
1862,665
3468,8741
5795,8838
2680,6625
1804,4764
7973,8595
1479,6991
7703,8417
4136,4061
4583,3385
6098,7772
1294,6163
806,5431
2460,7687
1537,1633
1380,7583
6252,2546
2515,7816
2367,3537
302,717
4793,4394
8653,7728
5074,8190
2304,2309
3803,856
1815,13
18,3950
7976,6500
4051,960
5365,3615
3323,2717
3723,2600
4888,3594
2158,413
4439,4061
5456,4713
7176,5369
6317,9123
4719,7618
7889,9628
2913,9975
3230,7795
7572,4589
9514,8057
1504,9735
2241,3072
9866,6630
7605,9335
4655,3221
9129,1054
4025,4085
8847,4305
8075,2557
9827,2849
3950,1983
8518,4765
3800,6574
8142,5520
357,147
7580,5881
6683,4991
1646,6457
3305,7992
8250,8981
5470,9757
2446,2276
1961,2544
7759,6653
7876,2415
7927,789
6470,3420
2042,526
5763,6546
1886,6757
8382,4408
4324,3668
9791,724
2050,6783
5781,1658
5409,81
3154,2441
2021,627
1163,9224
6151,1955
861,1768
4376,2747
3170,6968
2064,4299
6712,3556
563,7227
9479,2342
5938,9059
206,4527
8000,8208
6329,477
3404,1517
7016,1009
1930,4880
1389,1781
6383,2713
4535,9956
1333,4987
1631,7100
8524,8616
3203,7372
9325,5010
9999,2527
4159,6535
5339,8392
6490,2502
3745,6132
5773,3100
5589,2991
1733,3310
8587,4660
6208,2335
7028,5749
8293,7660
7715,7724
4806,9993
7784,5243
1801,2853
2024,6145
287,9011
1908,8643
8864,3493
9860,494
9770,6053
617,3038
2590,5830
7212,8080
9471,6670
9436,9676
3319,8303
4442,4919
9674,2864
2015,3161
8847,2790
8619,617
681,2118
1261,3520
830,1224
1835,8589
3035,4935
18,8005
2607,2120
246,3460
4197,4739
499,9151
3787,3497
6929,537
8872,4962
9133,307
4690,2827
6750,232
3005,5660
6795,9772
1414,9495
4778,5453
6521,3029
4570,1268
1687,8585
4051,505
3880,7932
5102,6811
5314,1008
2685,5544
8895,7454
4813,5337
3667,3386
8455,4778
6070,713
4999,4984
9678,7461
3557,7719
1794,6386
3507,3611
186,5546
5742,4368
3344,8237
3604,5344
3367,6252
5587,638
7053,98
1074,4784
450,6279
41,7452
5691,7364
1634,3172
1513,8033
2067,6376
2815,7700
7056,6416
491,5781
7925,2503
8689,2164
4783,1225
503,6744
1136,1702
6167,5212
493,1780
3295,1017
1191,7127
5003,5332
5957,5216
593,4400
2698,5249
8992,855
4413,5943
8000,5837
2458,3489
8049,6120
6506,688
2862,4158
9865,6899
3343,8692
2097,5927
1982,6007
2672,311
7165,8180
2261,5033
9052,1378
505,964
7932,1679
7185,3240
1143,3829
1267,5737
630,5994
9402,366
7349,7565
3884,3005
3526,5813
6442,6301
273,5946
3958,5800
2285,9758
1821,4942
5941,6546
8730,2892
4082,4897
4155,4200
5278,8505
2239,2369
2274,4938
9156,1954
2526,3591
3949,5103
6810,6009
8659,4244
1396,4085
4722,8104
8921,1063
9607,8751
2370,6362
1152,3059
530,1706
5673,4421
3797,7658
9891,5636
1745,7250
806,3792
9096,5759
1613,8555
8350,486
3428,1195
300,2090
2970,8570
8965,5371
3877,6629
7882,971
4080,9218
4677,2477
1846,3157
5894,1091
9792,9920
6224,3212
5619,5892
5407,1870
3584,5230
3734,5644
9950,5882
2356,2235
5309,6765
5346,2165
5515,1042
6081,7050
3380,7994
2727,5330
8742,792
8656,531
2227,2491
3107,9008
6000,4503
6531,9722
5440,3594
2710,2622
6332,8026
5933,885
7839,9168
2098,8871
2764,3709
1343,1945
3986,8123
5431,6036
4511,2977
8440,4447
1633,3500
3910,9145
2304,2259
1547,305
8929,2261
5048,1355
702,8011
4422,2832
3943,5783
264,3322
6096,7708
2319,7317
1108,5576
4277,258
4948,9156
2453,8156
3355,7816
97,7115
5664,7112
5599,4055
9674,6039
5932,4701
5082,1310
2048,6522
4076,7748
4694,393
9330,8569
8040,3796
9156,4012
5063,4201
2012,6337
440,4850
7032,827
2299,7631
945,4277
5735,4249
6652,1218
6317,8950
7153,2488
1800,7335
7209,4703
7911,2907
3531,2718
6492,4400
1888,124
8084,7584
6713,1630
2160,685
4190,791
5807,8271
2230,2231
8917,8411
6851,2132
3589,8227
7586,9996
9955,4449
3914,63
673,6953
211,1957
4099,8440
1229,932
374,9328
2550,1249
936,7364
8381,5175
9662,1168
2957,3413
2096,6072
9713,4284
6709,6243
6973,7453
1513,586
1268,1680
9153,4585
1235,3517
7447,8540
7987,3975
7898,7283
8826,2896
6435,2584
6791,4646
6453,1
3724,5420
1448,2891
7229,8337
4546,562
3980,7316
5006,1977
1056,4101
6444,4443
998,741
782,8843
2858,4103
7675,1720
1964,6318
520,365
3922,7166
7087,3006
4726,1123
4727,8317
9514,4963
4859,5289
6416,6795
531,9106
6538,4103
3841,6867
7799,7486
3090,3987
6937,9466
5303,6193
3216,2475
9670,8310
4450,9891
5276,1707
3934,1347
298,7690
3814,468
8974,6114
9879,3616
5502,7876
7869,9585
4869,4198
5200,7414
4569,2387
6017,1245
934,295
4276,3589
4531,1846
4280,393
5091,4257
2016,7803
9499,8620
7624,885
2813,3666
5433,1543
8697,5785
1625,3568
4888,542
83,6033
8554,693
1917,5718
1965,2465
6391,8729
789,6777
5250,6900
3377,9847
1,2766
1077,5692
9867,4057
8720,1536
8662,5137
8708,8713
7663,9390
6030,8567
101,9503
9469,2635
3548,9960
7099,6440
811,3465
929,7708
8996,7916
5333,1569
728,192
4279,4734
2825,3779
5946,4080
2602,7516
5737,174
6877,5014
7942,5709
8083,4187
1580,538
9770,339
1255,6583
1489,2021
534,4096
4680,8945
4348,4702
6887,4028
9390,8653
4560,6995
4594,411
9267,41
3662,2789
1350,8712
3228,1131
2107,4742
50,2453
9225,5121
1781,791
5523,1216
609,2249
8742,9595
1666,5312
5436,4037
1667,8101
4992,5935
7099,2780
2771,4249
1493,603
1858,8236
4774,2440
8250,2469
861,9313
6344,7281
6607,72
1721,1924
7405,4117
6910,2225
6285,5485
6627,8550
9870,7575
2060,3724
2845,8317
7184,1335
583,2186
6230,4948
2800,4609
2316,1146
4824,5161
9445,7552
2041,4651
6149,821
8215,9436
6526,6816
6046,1509
2212,2178
7168,2972
3559,2081
8734,746
6974,2139
4478,5476
8606,5602
195,6507
1456,2101
1241,7433
402,7509
7746,1395
3266,1643
2313,8860
7924,7487
188,7370
2850,8907
7372,3183
4587,4439
3501,3354
9883,9538
5613,280
3906,7919
2331,8030
2773,9421
1611,6277
5794,5833
6272,9378
313,579
9150,4510
841,7855
3137,1090
2928,8954
4910,8719
3061,6591
4171,4168
9384,7065
5389,7381
2907,2149
8096,2391
2857,7545
2576,1933
9561,817
1308,1684
4473,3470
4682,4467
5346,5175
451,9084
7345,373
2390,7680
701,1242
8779,3266
3693,9524
5809,441
384,9041
9171,9341
2140,1233
134,5681
1663,438
2561,9311
3183,8898
524,1541
8876,6183
4187,8956
559,5878
6788,7049
9194,3201
4641,9205
5111,2535
8246,5213
4828,1941
6870,6187
6112,3164
9365,7287
8510,5567
422,9710
9110,4619
7911,4759
3818,5652
1561,7913
2448,6081
9893,3842
6975,2844
679,6480
1291,4778
80,9070
3434,9122
1843,5657
8614,4490
6405,7839
3959,5122
2929,6946
744,8423
2604,7553
2238,3585
7453,7019
3924,7845
6788,8192
824,802
7682,9364
1385,2910
7815,2625
2367,7005
7805,7685
2038,9002
152,1346
7031,7539
3515,2216
7116,8496
4245,5262
3406,8342
938,5884
2776,3854
1391,5251
8927,12
853,2899
3117,8919
8869,1703
6328,5190
8756,240
9810,7710
4842,4197
423,892
4998,1337
4836,7260
491,3080
736,2217
4914,8039
940,2940
4920,385
2977,4719
4827,1533
3965,1061
8265,3266
7754,901
8618,7973
5636,3557
7538,6249
3473,5089
7574,76
8608,1824
5305,1864
5522,7666
3976,8090
1676,8641
6568,8746
2950,9862
8913,4285
59,9815
4322,4961
2816,8239
4862,9008
8522,5336
4038,9530
2988,2879
1568,8920
