RestaurantID,MenuItemID
1348,907
4490,9730
3312,2974
3897,2482
3083,1125
8823,2166
2961,4563
6970,3242
3015,3576
2611,9004
9789,5293
5281,2641
1521,51
9495,9232
7478,3663
7100,3086
1391,341
9018,5177
1309,4117
2719,925
937,7701
5731,9951
3221,2054
4723,7804
2730,9835
8596,746
271,8627
8416,6618
7639,5330
3214,1581
1809,5745
5890,7402
2850,7338
5943,6206
5180,6160
281,317
2730,7320
3426,815
774,7167
8449,1971
6242,5140
2435,8651
375,4758
3744,7268
9162,9153
9018,9608
3634,2462
6631,7562
9846,7901
7775,397
1581,5857
3582,854
4358,5882
5163,9201
4662,5819
7006,8951
8024,2405
7116,831
5295,9218
8304,3013
6301,2625
9990,6944
7600,1331
2148,4858
6857,3453
1643,1319
7060,7152
2497,7593
3108,1369
1958,9420
3514,3629
40,6530
333,6390
2366,4163
9938,5236
7575,1591
108,1564
334,3366
7798,8056
8895,8529
61,9915
1846,1228
399,3207
3006,9848
428,1155
9077,2122
7397,6273
8764,7907
5562,5300
4257,7305
6896,567
5666,3256
3428,7502
8011,7764
7977,4309
2820,5140
9235,4981
9413,2858
4104,8171
9075,9343
9335,5101
9048,9754
3454,5168
9829,9031
5919,5461
1524,9893
2014,3901
3356,5607
5295,8156
6138,7551
4961,8021
8174,8956
3715,4300
9411,7938
3195,1949
3671,7977
6198,3247
2837,6179
1664,7419
1381,3127
931,308
3028,7344
3889,4364
5455,1571
133,3952
9698,3821
3328,8176
68,4981
5352,4038
8518,3772
4165,3577
3631,6374
3526,6040
6305,435
1383,3566
1702,864
7965,2821
5626,8702
2752,4918
9627,6111
4776,2330
4574,570
605,6377
2094,542
2227,3068
214,4361
6591,8362
9391,1223
3827,8221
1584,7696
1283,4897
2064,9041
2493,8758
9982,4459
4910,3292
8698,913
526,5734
892,8536
814,3301
8925,4279
2589,5974
4628,9551
2038,3843
3639,5842
7974,9487
2983,1499
9250,7836
2527,6169
4459,3200
1427,4507
230,4373
1543,3239
5854,1510
4862,7361
1465,5128
3763,2370
5299,6592
2305,8338
5153,3922
4841,2076
1657,8825
8970,5899
9666,8739
2290,1951
6365,7804
5999,4099
5388,713
1591,2209
7783,7033
3445,1689
6113,2439
6791,4929
8240,8557
3550,3676
6852,2310
39,5924
362,4576
2365,6140
2930,1095
3176,9990
2462,700
1428,380
5905,3451
6737,3567
7472,8679
9643,5904
9078,6226
5702,3731
5530,3267
1867,7053
2959,3419
774,2589
3214,8355
4013,4880
1594,1991
4812,8483
2905,4257
5810,4934
9939,158
9611,4273
6890,8303
5923,8539
2432,4728
3811,7387
1452,5052
6014,9647
1011,8405
1637,3629
5505,9654
7071,1784
3780,1411
1879,6195
1850,7534
6261,2720
9244,2627
6084,7673
4319,2626
7367,210
3808,8636
2047,3459
120,9851
1764,4093
6834,4082
383,9556
9129,5553
5806,5772
2148,9506
6789,1062
28,991
169,5751
1244,9592
7789,152
4542,6276
8026,1817
7374,5697
2841,8914
5783,3225
8314,8137
6273,6173
1051,9729
4833,3151
2921,7292
9153,5738
1526,7766
310,2172
2963,3512
7221,2953
3580,6968
3727,2615
8259,7585
2700,5170
3022,4402
6048,2258
3331,7292
5068,3623
7663,4388
2079,696
8040,4
1525,6557
458,8327
6063,2551
9580,2557
2084,4897
2488,1373
1448,6403
8382,660
1788,2133
3914,8064
6475,3689
7993,2380
2655,6489
3832,5358
3759,5465
2141,9125
7278,6639
777,1285
2654,8965
3381,776
1261,848
7145,4070
5080,1039
6884,1574
9952,474
429,2402
2702,9865
7071,7011
4178,7557
8420,7729
4224,6834
3509,4480
6924,5506
9431,9336
6490,5730
2015,3190
7317,233
6678,7670
4909,9181
6066,9444
5662,9355
5366,2205
4007,4722
7342,4301
8361,2391
3828,4399
8795,3478
8992,2362
3589,4887
5973,6251
9955,3757
6003,3286
9500,9107
7221,9828
9229,3663
3164,6105
9640,884
8813,4751
9823,6574
4113,5261
8514,6630
7124,1873
7412,4300
3117,539
9373,4838
3552,7810
7495,3212
829,8838
1682,8519
7370,1873
5483,1639
4030,9094
1788,8716
1081,6138
5485,5299
8049,8009
4444,3366
9851,5029
5125,7873
648,897
419,8630
8502,370
1764,2063
5355,2643
5865,1551
3071,8275
4495,8281
3355,6399
2894,5285
326,2916
7540,2400
2467,7368
1916,7099
6990,2031
5622,8671
3293,3042
9161,6490
3286,6580
1553,1955
5227,3899
489,8449
3913,1854
9291,5758
3413,5467
4362,5977
4916,4836
9532,2983
4428,6063
639,3248
4597,8315
1713,8274
8837,9628
3956,9011
2456,8264
168,3660
5306,25
1924,460
777,9707
1301,3555
6390,6683
2172,8702
7830,1078
4691,5886
8108,6681
4597,8390
5039,3992
4236,2180
2268,7799
2630,786
2299,8813
9288,2207
4386,4283
2302,7092
9832,7513
3379,4735
2410,3293
8329,6578
8835,1937
9723,9795
5496,185
8620,6926
1169,697
7183,512
8394,9893
4418,7993
427,637
8155,4767
6820,7645
2826,7466
8832,6305
7236,5483
9203,1871
1315,3987
207,6273
4510,5265
4244,2571
2005,3060
9402,6339
4871,4251
2362,9236
978,6122
9969,3984
221,6584
3053,2806
1802,6287
1773,1270
9996,429
5780,2674
7603,9535
3522,1347
2831,9476
7649,731
7487,3002
2527,134
8915,2853
781,7148
9549,8850
4317,4130
2387,4238
3322,8083
8334,8457
6206,938
7187,2370
1141,2655
4256,4640
5535,7326
6646,5618
9244,1495
2345,1804
4704,1815
5004,5820
7228,8211
4263,4109
5023,3883
6720,69
306,70
3171,8048
1558,4516
5015,2982
7873,9577
2979,4623
5082,2965
7665,2472
2658,1501
2221,1463
4741,7536
3840,3816
1468,6109
99,3928
7894,1635
8259,897
7945,512
5514,756
2919,2686
961,2716
8487,8336
3195,467
1578,1792
1778,8713
8506,9906
3085,6148
4756,7107
4529,3576
9154,5059
6708,5781
1512,9329
4093,3467
8523,9039
5598,3411
5306,833
2831,1371
5102,6305
97,4839
7724,7944
8233,2803
7736,3756
4921,5962
4834,5166
47,1222
8140,9297
5310,8385
841,982
5615,3756
7493,3819
6652,1927
7838,8090
5692,1847
9973,4269
2446,7719
2983,9471
7133,6165
1328,8608
2438,4708
6843,3403
5926,1741
331,3930
1952,3152
261,7939
4727,6756
3843,8957
9832,806
7620,4952
7202,5928
1708,3913
9966,7998
9968,8420
6600,9232
5618,856
7093,8232
5409,3454
2168,1394
8614,8226
6523,8893
1217,8385
5017,5070
1758,4714
5812,8483
8804,3630
5460,2455
4028,5984
2258,9611
5658,5876
3542,7423
7065,2796
5338,3755
3695,5869
6672,6207
7682,7743
2668,7306
6100,4908
3776,8732
4594,3863
9737,9942
1511,2636
8967,1808
5352,1144
1301,5267
7772,5465
2046,2769
4636,6070
2478,1865
2575,3324
2259,247
3753,2308
9729,696
3520,6414
6500,9923
9249,3696
8988,2116
552,9553
6524,3801
1156,3000
3944,1764
8486,7436
5757,7341
7385,1197
4624,8868
3087,9685
9586,1527
1857,2987
3865,8995
1342,5107
7970,1277
5057,8723
5723,8365
315,4203
5486,9279
8730,4747
3087,9074
4487,5593
6328,6712
2984,2809
7520,8200
3227,441
7197,1119
5992,7438
1468,1944
5127,7318
8912,5830
3396,2037
9725,163
4008,9363
6948,9555
1408,4246
4738,1526
6803,6118
6987,8694
2697,5523
4643,2439
5356,2397
5360,7599
7828,5634
5573,9452
1554,9779
5175,6887
1818,2134
2679,8878
7894,7235
2410,6912
6052,1043
5866,5587
6263,6735
1641,6434
7618,3675
1638,9982
4906,9236
4065,5855
4438,3771
4851,3367
638,4839
2748,3624
9900,6777
6513,6664
9408,4271
5065,6583
4331,7979
3594,1848
1511,5453
4408,9113
5057,9329
1348,6206
451,7533
2456,4639
5738,3430
8303,5333
4701,9714
5559,4303
247,4360
7949,9752
6550,1104
1170,8933
7140,6860
2059,2662
6573,8271
6221,5650
8063,3982
5874,1868
486,8191
4508,2325
2156,9829
2773,6724
7704,7969
3175,5949
273,3730
9533,4835
961,354
9687,3369
3981,6521
5279,1065
407,2216
5731,9696
2668,922
3050,3638
4179,4856
8652,9683
1489,6720
9938,1400
6805,4884
2444,860
4726,2298
6188,5369
545,1716
2723,9326
3235,8883
858,1213
9527,7945
4030,9084
188,3309
8264,4727
1092,6890
8460,2462
8427,2467
2514,9648
3662,3174
4738,9940
7619,4582
4350,1496
5961,513
8541,7913
1616,3900
4454,8641
4421,3906
8321,1909
9569,6401
365,381
9449,4975
8190,1634
8267,2405
8659,7206
4027,3472
6671,1750
4790,8123
6364,5371
797,5450
1160,2202
9560,2136
2086,9102
8847,4895
4119,4792
9145,7302
4785,9622
2368,9720
2770,9882
1797,3716
1213,2331
5550,171
3237,4816
8488,6110
7517,7325
3298,6364
8057,6991
245,6492
2376,5248
5886,7491
105,9151
4052,128
6166,3950
1918,1429
8897,1
4690,1031
5248,2242
3129,1864
8170,680
1715,9216
4072,5198
3573,2848
3255,6612
9775,9906
7573,9
352,6927
5011,7880
5895,1653
5459,425
9829,9032
269,4142
6799,4409
6486,7493
6206,7751
3905,3941
7766,7980
5314,471
7668,1693
5745,3327
7071,9287
4892,3819
7772,4661
5336,4940
4401,6129
6607,7991
6150,1242
9586,4267
7964,5982
3342,6067
1943,9054
3543,8623
3029,9733
148,9780
1585,9599
8446,4631
3556,6938
155,1364
1002,2890
8217,4826
8052,5285
7796,4953
5498,9
8059,4180
1703,1822
9800,3096
6441,7086
9261,6970
3786,287
1256,4916
1796,8610
1226,9772
9791,8298
99,8698
9385,6810
4799,3152
9224,2995
3048,4840
8605,3284
9406,966
4981,5094
9968,3257
5951,1550
2864,9997
3656,8126
599,8773
5299,7406
2794,4336
5566,4489
968,7005
737,240
8102,8855
752,1376
4825,4453
2649,9395
8735,5898
2077,2160
8786,4337
3705,183
2388,9517
1265,1771
8988,924
3560,8480
9081,3327
5787,9180
3994,6038
8549,2632
5106,7912
9064,8138
170,5879
5392,770
8718,4576
8150,2664
329,554
8400,8483
8988,143
4935,7011
1507,4760
2843,3798
5239,1879
3981,1440
5094,545
1545,6098
1009,4207
9532,4037
4383,7029
971,8571
9091,5076
5045,9753
6686,8077
2446,5510
9718,311
5263,1465
5827,803
5029,5488
8735,8143
2879,719
8090,9982
1287,9281
3284,5696
5408,7267
5672,1958
1645,153
8692,6016
1973,2998
176,6373
7033,8281
2344,5697
9960,6295
4194,7848
3778,64
4129,964
4144,4576
1863,1092
3945,3528
6664,3732
1618,9488
2831,1237
5283,3183
1432,2986
8715,4111
9251,7318
1685,9885
5585,1642
5975,451
1922,1485
8534,7319
7791,1729
9912,8010
8770,4513
1448,5026
1243,1364
6113,1050
5558,259
7447,2202
3842,3385
5091,9843
4260,2970
735,3158
5244,2012
2548,332
4818,653
5492,4224
1557,4235
2450,4470
5263,6638
1553,676
8224,6912
177,7770
9493,7938
1915,9230
7230,4962
8719,4933
2505,9526
5569,8131
1890,2133
2081,7242
7570,154
1144,8586
9214,5680
8495,2214
1015,5095
5594,1279
5392,5511
4745,539
7353,1519
1613,5735
9614,7356
2418,4851
4921,4334
843,7418
9749,2414
6362,8407
5204,843
3124,4243
9853,7623
8506,3396
3390,2413
531,9369
5790,8127
4579,4736
2358,8452
4636,310
5378,8803
9835,7610
1689,7349
7698,732
8186,599
1351,5129
5727,461
6409,7825
3238,7394
5591,3089
9194,9115
4797,9920
3174,9941
7937,1342
1153,7726
239,2865
556,9478
2995,910
2869,4943
3202,6116
1441,7512
5259,2596
3486,6759
4322,1676
2826,9605
3450,4245
2381,2608
152,1404
7839,2632
8270,9362
6675,1268
5489,9781
5420,6268
5126,975
4197,9680
4917,101
9129,9889
6466,7648
595,9195
8514,6493
1374,1648
5283,5534
331,5641
202,5541
9222,523
9999,3214
7130,8962
8902,7504
5498,5491
3641,3051
3092,4965
543,4730
8354,7055
6944,657
7422,894
1764,585
2252,8309
1563,9954
177,1162
4820,7539
8960,8836
2845,6784
8521,9222
861,6883
1261,9211
4008,5541
1797,3057
2576,9306
3072,2721
8668,9419
7498,4075
3796,6056
3468,6625
8730,1147
2671,7213
7167,2253
5284,2626
6428,2540
1072,8558
2564,5792
587,7109
9062,6227
5606,9485
9837,8473
2081,7960
8019,675
1665,382
7895,1540
8832,9436
7337,3892
3053,181
1843,4079
4633,9098
8641,4816
4947,1516
8613,7636
7326,8774
634,3477
6240,9699
2315,8510
2525,2106
1229,9277
9278,6669
6992,78
3309,4729
7600,2435
7131,7269
518,8652
5472,7238
9732,2523
7196,2937
7932,3016
301,841
9088,7074
2378,5285
2736,7998
2042,4924
6158,9113
1678,9991
7261,1902
718,2594
104,2206
6533,6949
5242,4572
3401,9974
2093,5484
7404,4693
3162,2288
1920,8607
7105,1525
3593,5144
1458,5053
5131,5361
5712,343
9817,3276
8634,7194
7701,9316
154,310
9505,4487
3880,2841
170,5272
9105,8659
6946,1895
7272,7581
8093,4227
8776,7158
7587,1816
5075,3815
8349,9385
8407,9455
5243,4933
196,5775
3912,287
1396,3176
3349,1381
1295,869
3028,9843
4994,4094
3018,2198
6000,856
322,2662
7113,3751
8399,5251
4295,1299
4341,2785
656,6524
6482,385
829,4342
3018,4668
615,5745
7930,5909
4526,2784
474,3028
8782,6473
5128,608
2919,5341
778,3783
8813,694
618,3303
7527,9263
3273,5961
3883,1784
5074,6247
6123,9435
1256,8300
7589,3489
1673,5269
9693,5933
6700,8234
8261,6128
8857,9043
2945,4842
3319,5399
3164,5436
9973,4486
5568,2942
4234,8923
9842,430
7120,8629
9431,9790
654,4292
3291,4856
4416,3016
969,457
7849,9160
1988,7847
1262,508
2240,4941
6150,3842
1643,3286
9331,1211
4183,6894
8531,6132
7121,4724
8255,5869
7528,6462
963,3016
310,6516
8123,9242
1888,9893
1154,7350
5469,711
7669,2171
9681,9184
82,750
4832,1638
3325,2134
7926,8014
3970,9414
7990,2793
8608,9740
222,6566
6786,4320
1308,8965
4824,4653
9888,6489
3785,1052
4298,5915
8209,6408
1059,4545
4608,5731
9433,886
943,1536
9226,4802
4970,963
2881,9803
8383,4299
9332,9134
2716,140
1676,3878
8863,7748
6431,5765
3784,1012
3517,3764
5594,3917
6080,9825
7584,429
791,3788
5809,3346
5622,3668
3649,2613
9043,412
7324,8193
9224,6371
3010,1390
4532,214
1654,4889
9763,8518
706,2601
3863,558
9150,426
4108,2760
9739,4330
3752,7228
6096,5102
2630,6983
1519,9501
100,447
2273,1683
9461,7187
251,8438
6547,7525
7487,7926
5922,6322
4532,9588
125,8274
8913,1623
4625,5363
2645,3770
8648,5062
7717,2001
8305,2235
3083,8654
749,782
3549,279
104,5417
2782,487
9614,7684
1552,158
4086,4549
1388,8850
2700,2213
9018,7341
5314,4001
4993,2795
9502,8060
5165,1072
4888,5278
686,2165
8326,4258
9776,3250
1349,1095
497,7474
4542,5688
5741,1128
6536,513
4185,8546
6290,3888
8251,8843
344,6149
8112,6462
4146,1432
3130,3629
8557,6201
6863,9743
1780,3432
6276,5935
1343,2808
9755,340
71,5213
5533,9503
4439,3717
6999,4608
7294,8946
6728,1588
7823,9943
7205,2725
8558,8977
1150,7159
6349,7771
4230,4216
4814,2982
8072,3286
9793,4025
6115,6502
9469,3030
8661,6819
8682,690
9709,1481
6529,7982
4634,1905
7139,7220
4192,3201
3552,3752
3119,9920
8274,2329
7913,2505
9974,4580
6751,3456
597,4736
6613,2008
5325,9732
7231,5941
9395,3549
2384,6142
8639,6614
6637,3602
635,8328
2324,6241
5633,5076
560,1977
7965,3812
8394,98
1380,7410
4845,6092
1557,8113
5613,3258
2746,2516
6513,8428
8300,8072
3293,3950
7839,5779
7342,9818
1404,3047
8898,1411
9606,1365
7005,5025
3504,927
3995,39
7848,521
2425,2423
5051,8364
3871,4360
8087,6423
9775,7780
7352,2284
2224,3580
2802,856
4405,1402
9946,1614
3357,3786
3319,6343
8690,1060
6326,2140
6203,7556
6960,3709
1698,3110
8383,1923
2089,7392
5524,6690
9078,8551
7892,6145
1478,6803
6625,1141
7739,3410
5053,5495
4184,6778
438,2592
6880,443
4356,3373
5163,9129
1524,9477
9264,6050
9710,2761
5875,6285
5793,4619
2367,322
4147,3848
4153,5290
3585,2297
674,3139
2654,3853
7320,736
3349,9658
1015,112
5801,3695
9639,9236
2216,5985
6418,9196
1151,6998
6286,1368
3225,8384
8563,6705
9169,1552
7322,9891
2471,2646
1512,3230
738,1757
303,5497
8202,7406
623,7608
2362,4906
2973,4929
5497,8110
3662,5013
3895,9459
2794,207
1030,90
3,7277
2944,7429
1656,898
8143,1136
5426,5983
6976,3701
4503,7554
7720,2478
3922,7267
1574,7737
8939,2141
1753,9525
993,5975
1303,4815
4071,1099
4509,1499
5647,555
4411,7576
3794,2238
817,2419
71,5948
5214,6875
3995,3588
4060,9483
2714,1717
8406,406
5273,291
6019,7266
2064,1455
1011,4435
3005,9930
900,4919
9043,3173
3370,3248
1224,9000
3975,85
6557,6981
2514,8285
2337,5478
1049,5600
2425,2160
5837,442
3940,7950
4478,971
7454,2776
1842,9122
6387,9890
8637,2428
8573,8192
3773,7838
3213,7751
1086,1251
4050,5756
4816,7714
6962,9562
5396,3769
3090,5084
9210,1399
3291,9693
4471,652
12,2299
4387,5752
5430,5785
8260,1492
6546,5708
234,2003
9512,2870
8075,8623
519,8971
4656,8397
523,5634
4758,1242
2192,4695
109,9122
1012,4778
9582,7419
1518,4981
7416,5453
7573,9035
1899,3342
6956,2632
1189,8896
5327,7525
5602,4683
5349,1744
5217,9819
643,4448
3738,3854
6278,3932
7467,4057
7391,2254
5378,9317
8473,2669
3062,2372
8181,8792
8969,5299
35,6937
2522,7431
698,1504
202,6277
501,5800
4881,7104
3444,1881
9148,3316
6477,8456
6331,597
9775,5495
1428,7709
2320,726
5044,1725
9929,947
1368,6417
4571,5212
4478,9034
5437,8938
5322,601
1577,8771
5223,9642
784,7520
9379,6753
3022,991
8555,5285
6906,5147
6729,779
4914,6219
747,9949
5010,1376
4582,4268
7925,9565
6997,5399
1887,9192
991,8430
3130,1079
3884,7348
2867,7729
9370,189
7671,6599
8575,3541
5465,8910
9882,5127
9053,5129
7683,5170
2706,6695
772,2266
5397,2368
7520,5652
9374,8392
5927,7982
2230,123
9295,926
274,1120
912,8644
5030,7225
466,3571
3522,7868
3966,7455
1304,5744
6255,1432
4047,1055
8618,2902
7371,6468
1744,1618
9909,95
3621,5892
9329,4177
8274,7099
3561,730
3443,7615
20,7091
671,7837
6786,7192
1143,3589
610,7991
8230,4680
8354,5724
4191,3606
1779,6182
6099,2266
2055,5449
2450,6203
874,745
2220,2964
6858,7263
2136,484
5855,430
6094,8059
7681,9857
8265,9459
7010,2009
5863,6360
9946,59
4922,250
9817,9727
5684,642
980,3669
2530,2782
1088,7977
9735,6507
6153,9988
2340,2965
4454,5996
4775,2344
9054,8038
2126,266
8593,8788
8755,3673
9654,6987
5210,128
9278,2338
9421,248
474,9385
1142,7591
7523,626
7342,1749
1109,61
5339,2491
8755,5003
5037,970
6034,6091
9215,9602
326,304
7481,5629
5554,2828
389,1748
2003,7599
548,8104
4293,8833
6568,4506
749,2075
5247,392
4370,2491
6837,107
3407,7653
3082,1639
2208,1419
8623,9461
3635,3908
5141,9022
7811,2123
1580,3538
498,6678
1509,8750
6596,8329
534,1629
9182,1859
5907,9224
2866,1801
1443,699
5232,3400
6694,5914
3316,8577
5889,2899
6552,6649
2767,9454
1273,3900
6787,2463
3178,7342
6912,6761
3239,6268
1289,7050
9732,8684
4341,9072
6322,3553
1470,4917
316,2889
4164,7407
1126,8143
1383,8390
1455,1695
1374,8283
7073,1313
530,7539
8011,1541
6609,2812
9207,159
5922,1065
9351,6773
2044,8336
764,1189
2782,6905
5709,3126
5069,7565
2081,7900
6064,8854
2627,79
5144,4167
319,177
9091,397
5248,711
7154,128
1944,9375
203,3580
7573,8660
4372,9539
832,2455
1816,7077
7019,8078
9480,6159
1811,9053
6211,7348
7472,3438
8013,1346
4984,6920
8242,6647
1181,4009
362,9130
7358,4279
6399,8504
4887,1915
7544,1370
7916,2505
356,3368
7192,9122
3175,2249
9508,272
9957,3763
3235,4432
2419,32
2615,3564
2111,1234
9988,9931
2970,1523
8547,5757
4392,9395
6888,5176
5666,6646
6512,5065
1876,9129
2916,7804
5502,2463
1458,3530
6193,7839
5924,7594
910,5750
9763,1653
2030,2572
4178,7684
2160,4065
7269,9239
9561,7550
2702,6355
4535,1460
1185,5356
9593,8007
5562,1876
8139,3837
3604,4550
1145,8551
6992,6722
10,6927
4381,366
1152,8288
1689,971
8713,3623
3912,1529
4663,72
8486,6790
90,1432
9893,1
5512,1205
3837,286
548,5587
6021,2283
6659,4442
9749,4463
9566,5223
4153,1507
6800,9693
1641,8603
8340,5639
7137,9121
9625,9550
2087,5312
6270,6847
4577,1124
7198,4802
6025,8103
6758,7726
3718,9136
13,2766
2547,6914
8887,7063
1430,2133
4639,6560
5635,9688
4398,1043
6010,9903
4353,6667
3295,3735
1456,22
4025,796
4827,8966
9269,8337
1545,7432
4446,9513
5392,2901
5528,5751
3483,2194
6143,9477
2777,6577
6047,3581
1196,8728
3932,3129
50,6409
2733,9809
4825,4965
9245,3864
3709,6437
4097,520
6724,9184
1486,7612
4944,4553
2493,5776
4926,3395
9007,6099
1228,765
1080,2631
7413,4872
7371,6804
6854,9498
433,8753
6403,8547
5331,4564
1131,3459
5333,6185
4893,9886
460,9705
7511,5467
7588,4483
9067,2873
503,6632
6013,5685
9384,6329
2198,9785
5381,9823
2495,1521
4179,8112
2540,3479
1338,441
8357,9927
5124,3247
5967,2223
6189,7817
6436,305
8697,3626
9404,3440
4616,7185
671,3901
180,4752
904,7677
7106,815
3786,489
352,1518
5622,9308
3448,4956
433,6528
9452,8015
4722,8997
1290,747
8571,6340
7450,7269
8906,6673
2030,6304
6795,4932
5441,4641
2744,7976
9822,5260
5717,6742
1251,9800
8191,333
4558,3418
5699,2648
7522,4301
21,9487
4618,9713
2226,7159
7417,2141
2024,8316
8070,4394
1673,9162
3815,3152
8718,1249
3275,99
2397,1271
7627,7006
2382,4525
2172,8395
5228,2554
849,4028
5320,7820
8149,227
8904,4495
1189,3515
5144,4106
6001,1051
9807,5576
8926,6719
5896,3855
1279,3050
7909,9920
3986,9097
4815,7972
1066,8984
6791,4418
3199,2849
8998,2027
1402,5931
8682,3689
9165,3174
3712,6466
643,5549
7380,9019
9054,9086
9961,3888
8933,264
820,1917
3629,6768
6554,9561
9207,8938
6689,6538
4259,7352
3325,5211
3819,26
992,8752
8188,2479
7154,650
47,1878
626,3506
2195,8419
8214,7263
7179,8363
1623,5050
295,9921
6104,3074
1158,7663
927,7007
6684,8534
6653,3182
8282,3470
469,9922
5777,4128
5141,1843
5186,8697
7507,9579
6261,2045
7916,8528
4176,3389
1523,8003
2804,4813
7202,3594
8112,4862
1455,9638
2429,3016
8363,392
918,529
361,3794
9392,8395
7823,8918
6871,2656
1976,514
4905,5264
5253,7728
7209,9631
2937,9474
7347,211
6598,1496
820,7244
7737,5442
1440,8763
7795,6344
6484,2611
9023,243
8566,6453
6278,8173
6943,1119
5781,1134
6781,7587
9217,7793
2357,238
2441,7391
8916,8617
6128,6878
4131,8534
6832,2253
6351,1786
1655,545
8645,473
4402,8479
3296,693
4877,2852
8953,6811
3387,9028
7893,7098
8829,7876
4344,6374
7216,135
2329,2854
6699,6160
3077,8330
8756,4106
9442,1174
2133,6552
7125,1791
1642,208
54,3009
5372,1556
7198,2021
2679,2702
2200,2470
2585,8670
7220,3450
2559,383
3886,6040
5960,4775
6570,8152
5540,475
3581,8566
1078,3354
8615,326
5171,9056
4555,28
561,7302
7973,8724
5457,7878
1668,5975
5706,1088
8634,4419
1734,4578
5876,9847
6606,1685
5314,8617
1830,9446
227,6445
4744,98
9921,6795
8465,4871
8354,4118
5677,4976
7805,3881
1894,8967
3134,3113
7432,6023
7400,8797
4594,7796
3055,6184
5399,6977
8319,1431
9103,2640
8054,8539
9571,638
8167,903
1153,6367
1647,332
837,6980
9501,5210
8079,6712
1185,4921
6222,7669
4010,2915
490,7995
9154,9884
5505,2067
717,4635
6796,4959
3620,4864
1879,1974
3011,8760
9177,8468
7915,8537
1854,9920
5109,3411
8974,1186
9467,9364
2606,1719
2536,9180
8424,2928
8761,394
7488,1293
579,7518
4588,8722
7961,3477
6158,7135
3635,3775
2733,3467
8322,7438
7744,1147
8884,7863
6430,5028
8964,4398
4154,7755
5566,1645
5984,8023
7347,8244
1383,9422
2737,620
2019,994
5036,8884
1462,7607
1930,3918
8910,4172
237,239
8073,5635
7507,4805
9976,7695
3399,3097
2289,1947
7081,4172
1828,1541
4717,1895
2984,4109
5532,9791
8360,6412
4143,5924
9392,2119
2803,2392
513,7085
3324,5811
1205,9840
9337,1956
1320,4027
1513,2437
6751,8659
9056,5453
6644,7752
5903,4316
4669,5617
8867,7106
7207,718
3336,1034
5272,6968
2851,2303
4711,8386
1674,7906
2769,6887
8493,8047
1936,8229
9082,8568
8205,8986
5565,5262
8423,6836
9186,3782
3275,892
3109,6872
3338,5806
8573,2570
3552,4018
5060,3198
8671,6148
5172,4693
710,9894
3662,3432
4778,6912
9651,2621
2574,1144
7345,5176
3441,3199
9230,6996
5185,4533
4593,2735
7382,1437
4651,2071
1464,752
1817,1698
3801,1955
2341,2982
9842,3120
4515,9880
1200,2842
1621,9644
3089,8087
219,8048
4843,5893
5261,8938
8456,5304
6796,433
1302,5316
6367,7343
3548,4825
7308,9632
8367,6632
1737,4021
6610,5908
1493,4001
5332,6096
4909,425
2792,1275
8649,2347
3831,1021
2475,7784
2477,156
6346,681
4647,9500
9281,4718
102,9589
9637,1460
7556,5547
6382,3426
7803,3780
9938,7404
825,2325
7051,9819
5127,4173
2004,582
1763,562
5332,8610
3857,8785
4041,2844
42,4371
7604,9042
5203,8635
6768,7603
8022,9963
8276,4646
2940,8589
7951,4609
2639,4411
1812,2715
4458,1973
6360,2252
7669,591
8913,8517
876,7484
4718,4498
2679,6570
2217,4079
6114,4223
9057,1654
8796,7739
7871,6928
4556,6129
5513,7596
6772,33
5412,4700
4550,3220
5511,6928
6311,7185
3750,2736
4746,2400
6884,4048
4682,6127
8604,1449
9947,3676
8219,1896
2910,984
9429,9644
2861,2654
6948,3177
6287,5196
4289,7536
8725,3129
307,3509
8991,1602
7519,3109
4843,2050
2009,1926
3003,4458
8637,6527
8527,8092
1792,5166
4336,245
8457,7394
9414,4599
7271,7438
5514,6919
2644,2926
7521,8542
7176,9692
5032,6361
7677,9767
5032,5514
8590,9212
6391,4923
8240,4346
253,5116
5649,8092
8549,73
5265,6440
384,8983
5929,5013
1650,7514
6924,7041
9252,5182
2042,9162
9928,4313
7888,1572
1363,1803
5218,9795
2175,5288
9181,8189
8248,7018
7852,3295
2943,2412
4627,388
84,6156
89,8429
2434,4594
8766,2362
6881,2920
7251,7746
1423,3063
1151,1301
6638,5656
8489,5099
4688,4879
8420,4400
4758,7109
1484,2280
1382,7962
8760,6292
4445,9104
1353,5929
6282,5179
1376,5266
6370,1716
4081,4293
4348,289
6963,4251
8377,1044
1165,4757
1382,202
4817,2489
3121,7245
2834,4950
9170,6961
7661,5148
5219,4184
7628,3287
4607,2822
7095,7305
4697,5936
6441,5271
8350,408
9114,9732
4502,93
3262,9006
7523,9972
7566,4250
3496,3396
6475,2465
8226,7414
8599,3081
7823,5210
7716,1214
5238,2399
699,6105
8292,6308
4518,8782
7433,6578
2794,561
3493,4069
5452,5625
4229,83
5393,4394
7716,5034
5080,3494
2414,5140
2687,5566
2494,4873
6266,5665
9456,7589
1230,3924
467,8910
1708,3882
4284,3823
8435,8242
2888,2398
191,2084
8970,2480
8460,1685
4562,1133
9794,6479
709,5043
7545,4532
77,792
7040,5744
4359,1420
6876,5107
8021,5327
3378,352
8899,1907
1910,3385
2867,4899
886,210
9055,839
5178,4753
1239,1351
652,250
8956,640
546,474
7234,9246
6154,1964
9341,5109
5848,551
3043,6110
1123,1307
5356,7552
6571,2866
5491,8142
1522,9243
4395,2058
7117,2820
8798,5748
1822,7162
6684,6198
3254,2095
8537,5665
6776,6071
4928,9081
9379,1175
2227,7409
1154,2136
4511,9989
251,7281
71,6039
4164,9193
6631,7824
8014,2621
5981,7301
7906,3180
359,6684
5792,7055
6190,2839
8724,8923
2403,5596
6279,168
9629,8420
5449,186
4975,1517
5986,5464
5182,3314
382,8112
8332,1456
4485,4217
5413,9656
1892,6082
8914,3608
6375,8509
1777,8382
8932,6528
3819,9677
9511,1996
7647,8968
1755,3154
5636,45
29,3212
9222,5927
9469,2961
3898,6362
899,215
8011,8187
1645,5672
2535,4549
8924,5273
3195,72
7747,1708
8691,8681
8789,9325
363,2069
800,239
6731,8955
8804,5811
6402,8557
9275,4169
5698,8866
5482,4794
9225,7437
3103,1275
9915,1775
2714,4060
7637,4304
3590,7408
8958,4741
6918,3235
664,2786
3024,4547
8039,8306
7502,2707
2617,5074
5205,3168
7103,451
5247,7538
6874,4496
3123,1148
1785,5565
5796,6569
6606,8553
1990,6878
4532,8351
4654,179
1751,8955
6636,5467
5903,1221
3002,2863
6320,6267
6486,2230
5221,1598
3341,6536
3667,2018
6650,5868
3521,821
6305,8381
9443,108
3418,5692
7382,2326
6431,9839
9790,2029
6175,8052
6660,9880
9123,4744
1659,9671
7115,4111
6129,4112
5992,5286
3257,8487
4433,9009
1003,1804
2809,2593
3360,3358
7424,8911
1168,8476
1076,517
3370,9165
1624,4275
5964,5869
7928,9552
1082,3695
8932,70
2115,4839
2040,5650
2102,4252
5823,6004
2454,778
6913,4145
5149,6250
7064,2369
5551,4807
4067,3421
302,1190
1405,1573
182,4204
8215,8241
9671,7624
1507,4436
2639,1809
1573,7737
8341,37
8597,2102
8666,6406
4367,1212
1441,6449
2017,3876
2822,5644
3670,4077
6141,3939
9013,2802
9800,9583
7666,4459
5210,1727
6937,2871
2980,4563
8931,8147
7263,7458
7303,4275
4778,5591
7954,3726
5977,9158
6559,1285
9098,9011
1413,8257
2769,7636
6129,887
7189,5701
7830,4710
4734,8912
3543,3271
268,5541
6291,4468
3303,5083
4424,3231
4865,2024
679,1663
2547,5587
1373,4706
629,5617
8000,6601
1568,278
5438,6199
5622,8136
4629,1661
522,9963
6785,1745
8032,7049
7653,7839
3291,8675
4067,5200
508,9047
941,216
2412,7733
95,5112
8655,9999
6803,1240
225,1014
2900,6987
9898,3937
933,7364
7453,8092
2600,8026
1841,6512
9550,8322
8717,5064
9813,5136
6723,1968
6609,646
5240,4833
2450,472
9126,2898
6412,3522
1647,6930
9638,8771
8976,8275
5273,8755
25,908
4146,4037
54,7478
4195,2279
978,9699
5945,4532
4176,6109
1050,5158
8263,2777
3528,3430
7314,4946
4982,923
8918,8464
102,1382
3783,3192
6397,6896
7731,528
9688,4574
2108,6053
2425,7881
6889,2530
7683,9577
6425,3470
5966,8041
9187,432
9033,252
2397,219
6181,6432
6570,9934
7001,531
5622,4292
9804,5624
6126,4506
96,711
3423,887
1291,2520
2678,2474
1698,7053
5248,1538
4574,3339
199,684
4361,4800
2846,310
1093,9296
2955,5065
1513,9313
267,6258
7268,6037
7902,212
1523,6840
9724,4839
1189,1426
4567,2358
5592,8582
80,3209
4667,9907
465,1627
5803,9976
6193,3655
1724,9134
8406,3671
2633,6490
5908,1384
8080,7102
3046,5049
4336,1754
1706,5472
305,8051
7540,7383
5858,8145
1960,3640
1454,2151
7120,5430
7949,9023
6632,7739
5872,310
2369,5381
4139,4964
1393,7005
9965,8136
5949,8090
6589,1986
3967,1410
7979,3810
2780,8556
9021,3566
9542,6837
5416,7456
8287,2148
7342,4874
228,5851
2856,9332
5982,9627
6399,1085
1288,1627
2889,3546
239,6021
6092,2533
6470,6322
8185,2456
4886,5083
6049,6992
6784,2905
9932,7982
3377,3520
2246,1105
4361,3721
6896,6952
9440,3455
406,9204
7630,9007
7612,4645
1422,8414
8199,9903
1522,1739
6702,9289
9639,7882
3904,9041
8203,2602
3644,589
1124,8978
8103,6516
8849,434
8229,3572
4521,836
556,1115
2208,4482
2247,2741
4859,5120
3477,5635
8698,1842
3827,8804
6593,8980
4021,5387
639,164
5865,1095
5316,536
4986,3701
5089,8068
4487,6533
1585,6243
9410,5181
3501,7783
2081,7221
1973,2142
910,3997
337,6608
5189,5828
4592,1896
9942,6761
5923,2684
6398,2930
5205,4519
2639,5569
1006,8848
6476,2416
2993,8511
6086,6216
7923,7667
1362,9171
346,530
7935,3469
4132,4304
7558,5971
8619,905
2539,609
5269,3998
2664,5079
706,6286
5937,5279
9918,7894
886,8170
5655,1011
6516,5144
2764,7078
2511,2985
5187,518
4959,6029
734,6820
1516,9190
1449,6779
9690,2497
6554,2763
7784,7947
9766,8277
3990,3004
4356,8346
6957,806
5281,6316
3662,615
3326,5165
2656,4639
8573,6091
608,415
1932,9426
4990,7762
198,9923
1859,4805
7871,509
784,5018
4344,6446
1517,4202
1950,2538
6768,2442
3038,2651
7834,3825
9874,3134
107,3836
4349,6842
7799,621
1190,6552
3510,1548
1234,1753
3466,9040
1351,6773
4038,7250
8764,1419
3748,3232
4754,9545
4259,1297
446,3107
8395,7647
323,4171
1949,7181
7408,1386
686,7529
4389,683
4701,9289
6273,1072
2910,7164
8304,3874
9608,683
3940,2240
4145,6861
926,4693
3362,9047
3880,1864
8198,1973
350,2872
4127,7430
3207,2915
4444,8912
6709,5483
3163,8435
4428,6116
8102,7534
1644,8755
250,6269
4362,2049
8481,3985
5065,6513
1880,4728
9255,6105
5642,8366
558,4506
2532,453
1467,1181
8315,1309
9270,7286
780,2958
8318,7555
9394,6598
2348,7963
5618,3165
5573,5958
8007,2950
5187,7590
7610,6677
150,6964
8835,9389
4612,3306
4744,6469
1725,78
387,3247
6308,3119
6847,8542
8342,8514
4727,7397
702,7413
219,4372
6421,997
327,2860
9253,1746
3357,7415
64,9805
2481,73
9028,8664
2663,3034
2741,8523
6316,3310
293,2081
1894,1046
636,1896
2981,1543
3246,510
2244,1479
4962,87
6570,8742
5070,8965
148,1437
9221,5327
8686,320
9590,3330
7488,435
5420,6173
3078,2917
7426,1674
2959,9846
864,6581
9116,4471
4559,1758
6984,3510
6893,1183
7359,2180
637,626
3812,5287
843,4569
1169,4930
9993,8015
7799,7258
8190,4515
2308,7119
1842,5736
6456,4516
2709,5621
2187,370
4541,3683
5994,443
2579,1535
5686,2929
5534,2620
3520,3590
7447,7593
1170,4565
7269,4422
1932,8155
8945,5182
6543,6729
9295,25
9686,5542
2189,7464
229,9387
3131,2842
1899,8223
577,9141
6423,7320
5354,3851
1468,8858
3591,2765
2290,1412
5516,3024
1990,7655
1160,2037
6306,3899
322,4027
7418,4219
3718,3837
1216,8875
1619,544
3099,1527
8309,2110
8701,3754
8348,5682
7661,8797
2466,4454
6371,1989
550,9237
7939,173
7920,7757
6044,8519
8583,4907
399,9431
3056,7228
2964,4728
6719,6528
8377,9232
1897,891
7559,3771
160,8462
5316,5522
7594,8985
362,4535
3223,959
2532,767
5479,2730
7731,2358
4100,8572
211,9584
3334,6223
3690,7676
1640,3831
9516,5670
4865,8684
2445,1896
9531,4062
2706,4978
3569,7163
8099,1228
4934,2169
8542,14
9777,4506
6650,7726
3463,7816
5615,2707
279,7832
5497,2721
974,7565
1461,5039
7937,622
3457,9685
6584,2826
921,5053
3255,5654
5437,1276
5196,3592
7939,4008
9440,6760
5811,2957
7491,7182
1315,8546
1706,8976
8891,8526
4496,2870
794,3626
5412,9567
2814,6455
1881,9967
8661,6534
3264,484
2556,8683
3677,2769
7603,5017
1859,6389
126,1246
119,8276
3390,9606
4901,4439
8370,882
7168,8249
6037,1523
1051,9304
6434,3280
6397,8416
3759,7067
2008,8935
5796,7611
3738,9408
4937,4599
877,7140
8622,8381
7013,1512
8549,4046
8002,4682
9451,4714
4584,729
4371,8134
6373,9338
1402,3701
8629,5383
9111,1955
8375,1601
4153,8347
5988,1796
3315,5208
8841,5580
6477,8817
507,6281
9789,4465
926,361
8602,8386
4585,5923
9512,7178
6621,4332
3256,1480
30,4797
4582,361
6410,399
1081,2602
2943,5613
4233,628
2217,9111
3317,6172
7659,3458
5659,2742
2350,5636
2296,5872
484,1825
8216,3378
9683,3112
7905,4514
3930,38
2794,5388
5720,7991
816,2384
193,4359
8700,3629
5397,6986
9003,4594
5674,9616
4096,313
7170,2452
5191,6983
9685,5153
5122,7373
8489,2158
7247,3486
9961,5654
563,4485
6029,1136
1527,4554
5163,4656
2972,4928
9674,1852
5758,2469
3216,3130
4153,1548
2790,735
3626,6027
9217,1833
4063,1134
1433,6479
8094,9670
3486,918
2916,3091
8655,9409
1542,51
5542,201
483,9010
7000,6815
6731,8854
2772,9501
5192,7327
1326,135
1613,3344
3163,2060
9586,5128
3477,1358
7354,9790
5298,3849
3338,7791
3907,3076
2040,5944
8955,4597
8600,9076
2867,5908
7628,210
9299,30
2430,7166
6112,8112
1187,9883
6930,9083
7249,2336
6404,7167
958,5518
1093,4810
7100,6006
9181,5296
6095,7765
6775,5242
7289,9786
5198,1745
7886,7080
4614,8084
8749,3712
5154,2275
3964,4697
7266,9724
6637,547
4794,328
1177,78
1101,8318
1743,8470
1574,1275
8365,9664
4825,9456
686,252
5748,9966
4168,8102
9886,9051
3,4185
564,3152
8517,130
6256,4744
3129,2237
565,7502
8546,1709
5453,4310
5072,9933
6542,7680
4529,207
6967,2008
3019,8426
5246,9665
9666,3231
7420,1895
9034,8855
8417,9318
3325,5214
5999,7368
6979,5884
3795,945
8598,3223
1137,1159
8226,1148
5005,3987
9599,2027
7547,1539
8852,7788
7591,5288
906,8098
9219,844
9468,3340
8255,7597
9554,8932
2857,1877
7606,4924
1967,4806
2693,9970
5591,7493
4055,6345
5927,8859
6662,6810
7255,7078
86,7519
2560,6637
5181,789
1849,3013
7204,493
4153,7214
241,2577
5887,8387
19,1245
6262,7959
5359,3672
5543,2581
3448,7269
3831,8328
3117,9621
2902,4915
5584,7074
670,942
6841,2623
9538,9404
3669,6098
370,5586
2862,876
1176,3236
9082,763
5845,8397
6761,5004
9511,6048
2943,9854
4205,645
5065,4790
9604,2098
8800,3720
4483,3647
7695,1150
8121,53
8040,7490
8647,389
1604,5889
298,6568
6015,1342
3261,1256
7200,7179
8551,4140
4258,7225
2253,2398
2639,9142
9102,5475
3668,851
1898,4917
9782,654
4763,1282
5542,7467
9510,1927
4952,1711
2174,5045
4171,8520
2920,8956
5076,8608
1796,7909
5577,6472
3562,8930
5877,2253
487,2711
6747,7264
27,6851
9975,5870
1874,1466
2918,7971
5795,8235
4872,2674
9378,6711
2518,2692
6090,5118
909,1337
5621,348
9166,4956
9343,7385
3022,8144
6920,1485
4949,5870
949,5429
9534,9608
464,9658
9255,8280
324,9595
1740,5593
968,7054
4993,5802
3500,6566
6601,7922
8792,3850
2040,9999
8943,5708
3153,9701
3902,3644
7108,3180
8885,252
4309,9057
3002,5174
5402,3238
4667,4000
8878,652
3502,525
8516,4214
5275,9481
7484,8165
2699,674
6033,6271
2085,3492
2062,4650
2738,3016
3955,30
2741,4351
6395,4698
333,4862
7071,8121
6510,7500
6280,1332
2376,6489
9052,2567
2804,867
5356,8549
1718,7185
2905,8415
2819,5474
9653,7139
249,6345
3192,2677
1828,5610
7725,2857
6890,2592
4120,884
9543,7376
5324,3874
586,5213
912,483
1333,9621
3781,8789
1216,196
1292,6609
3005,5506
6231,1168
9922,6816
1251,8739
9519,3088
7227,9689
5875,6752
87,1346
7728,3118
481,289
9722,9210
5544,807
810,5207
3674,2512
2438,4337
9206,3293
201,509
7260,628
4017,4568
3955,1040
2876,446
6293,1117
786,286
6842,9852
9667,5794
6111,3532
7872,8596
4739,4815
494,1027
2145,1930
8470,8463
2628,4635
339,8235
8385,5938
2456,702
2344,3540
5828,9795
7963,2809
3059,625
1366,8243
9018,1073
9686,6755
181,4068
8573,5693
3026,6097
8534,2599
6254,1721
7060,5583
672,7494
1819,404
2402,6333
6408,4616
5031,7021
8307,8265
857,8136
4661,6144
7201,6978
1772,6759
1325,164
3418,4015
1147,196
7684,3450
7194,5657
8987,8628
8008,6558
8496,3331
3541,7545
6665,5272
5347,1834
1941,9536
738,9004
3357,1333
5847,6349
1647,5734
3425,8863
8838,2030
4684,7182
7570,3633
7914,1997
8599,4231
4265,8653
8202,8526
5366,5391
3734,3779
5490,6526
4883,685
3730,4976
2629,3497
4564,6363
5721,5174
4845,8758
1072,7139
9454,4038
4215,4194
4988,6012
2678,9673
3900,7891
7499,2331
9813,5814
2001,5597
2386,7800
777,2920
8146,9125
3185,5396
3073,3535
1660,9798
9548,3355
1550,4289
5610,3647
9453,9237
3331,4986
9046,9939
3550,1704
6361,4112
8133,6695
8411,982
6014,5199
4480,2553
3092,2693
76,3156
9161,941
263,2518
7396,793
180,9579
2210,330
5946,5896
2706,9979
5288,4091
9756,4967
2225,2342
6563,5291
5046,5670
4902,4017
1687,9155
4663,2243
3800,8666
9489,7799
4380,2967
6801,5319
8899,1444
7077,1320
478,1866
37,980
9664,1415
5283,433
3892,1382
5895,2615
3664,3472
7106,8489
636,4412
4393,2026
9705,5951
2204,555
2878,3051
6926,8476
3157,1272
7360,5995
1484,2473
2384,9862
679,5742
1356,1602
9444,8287
7333,4638
2103,7345
9170,3020
3048,1595
4228,7643
6540,6084
6219,8402
2326,5485
2919,4177
9951,2813
1101,9972
1658,4576
2708,6757
9932,6027
1121,1160
8178,3319
3141,6968
6477,7083
6929,2826
221,9728
422,5038
8707,7969
6356,7183
9647,3724
6667,5218
6985,6477
1181,9349
2779,8893
3743,5931
9435,6106
1410,6100
1057,6048
7802,5804
5661,2504
9378,2442
3157,5243
2505,6472
1814,1847
2273,6494
3485,3386
4812,8542
6029,2313
743,9924
4296,4195
8163,6334
9866,2040
6642,2261
9065,931
3128,6161
1542,8181
5016,3032
2176,1407
9351,6776
3390,4902
2602,3943
4599,4200
990,7301
2196,8277
6998,2071
4188,2901
1757,9833
44,9768
2948,9309
7799,6572
6715,5414
6805,6485
9163,2066
3551,3687
5373,5574
1054,7192
3955,9636
3171,7178
6123,3482
6005,6741
7598,5864
4498,9264
6345,4851
6626,4613
3626,8377
8586,407
9946,8094
9891,5466
5838,7689
5264,6446
3223,485
3111,1961
40,4951
1442,155
8251,1698
4971,7386
9070,8102
9314,5443
8311,3858
2339,9693
8795,9076
8260,971
991,4843
9745,3783
1036,6829
4238,293
4972,8336
1242,2440
7110,9110
4334,7593
6730,6607
7943,1148
7722,5079
6877,5733
8868,5173
1410,3334
8436,9358
575,1116
6226,938
4779,2785
915,8925
919,7589
8659,9574
7455,696
4741,1422
2573,4727
7429,5427
848,4170
7606,6258
3298,1633
755,6293
165,151
4974,9927
1906,3433
394,9190
6769,3759
9277,5181
4467,2316
9031,2148
1655,7808
5486,4043
528,7315
1879,5040
1389,323
5123,6593
2316,542
2417,8977
4439,522
6432,9731
7416,426
7564,6945
8351,6544
7376,5839
4005,2982
875,6183
810,7007
640,6553
9149,9668
4166,1538
2029,2186
8848,4778
6766,2392
3512,2039
8124,5566
3101,6828
1125,1479
5060,6014
1606,5920
4729,3032
6801,8567
3138,623
8220,9849
1152,9077
3231,97
9160,9294
8178,8214
3845,3734
9946,7725
2656,4024
7958,1286
4352,143
603,5453
1404,8669
4090,5067
8419,7246
1328,4195
8730,3309
5928,7769
8430,7325
2765,6634
2599,9400
4069,7847
3254,8445
1814,1188
1965,4801
2355,8489
6717,8081
9823,3542
5955,9898
4293,1384
9280,1921
4229,4870
2524,6429
1176,2317
7192,1578
1534,2042
1059,142
6612,8748
475,4550
4555,7109
5883,835
9531,2678
3391,6790
181,1595
3755,1834
9198,8580
1779,5571
4519,4641
9111,8861
2378,6827
3608,2197
8949,8792
5305,9754
2492,6592
9373,9111
5230,612
958,9783
8656,1067
8327,5138
1882,5827
7306,843
6857,5195
405,1583
7708,7250
8194,6967
4339,3301
5997,1240
6825,8527
739,8960
3025,3538
7567,8722
6689,9807
4150,7241
7074,9820
3666,477
8877,8742
7120,9260
114,5195
5827,7399
9748,6519
7739,6173
8801,7200
2994,5872
9598,2967
3620,3770
9892,4742
4341,7262
8145,6311
9525,8310
5941,2423
4283,8123
5627,9554
8404,1086
1906,7199
4462,7895
9357,7611
6133,7582
3453,2659
7042,8526
4429,3294
7379,7819
8295,6296
4760,8007
9179,3402
2610,9441
517,1554
9342,2759
3993,5012
5244,8339
9840,4240
8159,1164
2509,1655
7311,4370
1659,7953
8665,9200
3256,7757
9640,6839
6065,4739
2181,5331
8508,1977
8676,7632
6245,5172
5851,6626
1769,3473
1556,2984
3933,5412
8601,755
6981,6750
7366,9707
4943,8480
8310,2787
4940,9760
5344,5160
6447,958
3473,1862
215,4700
6808,4895
2871,3113
3871,2910
9149,5219
747,1103
8630,6539
5484,6922
8997,6549
6403,1927
7039,9095
2262,9797
6988,4076
3316,1598
6539,1854
7103,9167
8218,2006
9359,9028
6587,2330
6014,5277
1276,8880
6506,8862
2226,4703
2383,990
3399,8824
3785,317
6938,3399
1099,3574
8977,943
440,6776
2115,6243
6462,6766
3765,4346
6997,7575
1561,6201
3427,2271
4816,2296
4641,6610
4284,6181
3000,1231
4049,6655
4392,3918
441,8133
8141,6940
1522,1279
5928,6980
4292,326
4656,2059
3117,7487
4908,7616
7602,3844
7119,6153
4555,1565
1287,3102
2199,2312
5997,2311
9644,4714
6436,3542
5117,4113
2050,7548
3539,6850
368,1195
4241,2302
381,5249
1953,5556
3014,524
8569,3361
249,252
3136,9180
3604,4251
5814,5426
4639,9845
2214,5205
6520,9556
5433,8334
8411,7751
8982,8605
9428,708
5961,286
9773,4436
4726,5824
5228,4689
4050,6100
8729,9356
8265,6526
8268,4175
4576,3212
8430,9922
3448,3408
2818,1197
7602,7382
8238,9387
4883,53
6965,1322
8517,1883
368,2123
3165,1630
3097,9606
9642,2925
7538,5011
9551,7774
605,8245
1919,7829
7128,2641
1034,4421
4230,5414
426,1573
1126,1975
4431,2704
3240,8794
7602,1075
9020,4540
5483,1301
3156,6382
8105,9015
9632,9406
5703,1136
6177,4624
2020,8947
866,4161
4588,6110
9723,1593
6334,5351
2006,2208
6790,8246
6583,6263
2330,1446
6201,276
6058,3097
1942,6209
9544,4246
5528,2909
2456,3529
4182,3605
7423,7250
3293,9083
127,5752
9338,5782
1701,4495
6684,7424
8379,5013
7907,5716
1939,2080
5365,4248
851,5697
8542,6941
2402,9958
5503,9779
1952,6314
9136,921
6997,9846
6272,1488
7399,9954
4707,5545
6213,2399
3832,5443
6221,6024
4322,1893
9342,4645
4240,9080
2267,229
7897,9391
2722,1544
9571,6836
655,2655
5905,2931
8714,4012
5160,5404
3555,6817
1821,3218
3369,3392
3379,4252
6718,8855
2087,3615
3487,9525
5861,3190
1287,8775
1166,4481
9839,5017
5314,3678
8543,4148
3022,2160
6172,5780
4785,9002
5645,3401
3840,3986
2514,8090
3442,8000
9275,767
2003,951
5398,7770
306,3933
3888,5155
6311,3714
2138,2151
4747,4596
9892,179
294,2222
7171,1266
5391,7555
1021,77
8266,9821
7988,8532
9562,6016
4002,414
8595,6127
6111,2371
1150,7970
2099,1334
1237,8464
6701,4934
1240,8428
5570,4238
7968,2070
8633,2738
5189,5440
6406,305
1506,9507
7413,9455
865,643
6701,1211
9793,8709
8326,1850
1901,6218
3091,527
8662,4678
1357,6863
3940,8940
8402,5210
1088,7543
3395,4449
2135,4392
3221,5314
514,8013
3305,5100
7341,6404
2186,9679
266,3110
4398,5771
9062,271
9103,6363
7464,1438
8093,9204
9052,9450
7816,4206
9021,8446
9368,5681
9760,3336
7481,770
3231,7801
4328,1382
4617,9502
5991,805
686,1752
858,487
4227,5642
9991,6331
9861,9671
6520,5246
2265,9333
5365,1444
5860,8710
9640,7505
98,2451
4982,8610
6277,8998
3100,662
2032,2879
3327,8235
4949,6585
9852,7012
1937,1021
5823,3117
306,4499
6624,2446
1853,8882
5592,4539
3419,9803
6587,2691
7643,7874
4643,1730
5966,3438
5076,4547
6037,9120
6243,8895
5086,1568
6505,1851
2668,6903
7939,933
7857,5177
81,3872
9741,626
1556,5643
3176,7952
18,4668
6229,6272
1414,415
3967,7615
7273,1929
1276,514
9049,7368
9,5510
3420,3227
5237,7756
4167,1936
2487,4910
4509,1027
3957,4274
2259,3643
7834,2399
6343,2824
2956,5049
1473,8200
404,7119
9661,2045
8184,9640
637,9414
4432,7399
1474,9998
5161,600
6109,6233
7129,4907
4088,933
9267,4436
28,9807
6677,3974
3520,5572
2971,3724
3433,8728
1432,7470
9010,7677
65,1806
2063,4562
8381,4892
6104,3821
3102,4967
4473,7668
8344,1640
7923,7576
1935,8860
4502,519
1222,3117
8671,6396
6970,261
8429,412
5792,4667
9901,8081
3004,8161
164,2689
2528,4972
5768,706
8745,7901
5363,7112
1617,3577
451,2319
8842,7926
2021,7025
2008,9988
9824,944
3567,3779
5000,5534
3561,5048
891,6088
5703,1035
920,9400
9228,5816
7697,2042
5196,5506
461,6136
7106,4025
5075,9359
3970,9700
9827,9649
6324,9268
9970,9623
7271,2331
4030,5979
2740,517
6300,27
6671,9454
5622,7604
3379,7430
431,8630
1965,359
5019,1347
4021,6987
2231,6352
3414,8324
7036,4633
6854,6622
9284,8712
1786,3961
194,4950
62,8066
421,3043
8909,4834
5877,7636
9670,2343
860,1937
5074,228
2214,319
8048,184
5103,9776
2334,1453
9273,1594
6951,2942
2353,2544
8277,6803
8551,1904
5311,8559
5736,8376
3185,1564
4762,2142
419,6567
4103,8256
7265,1967
628,6035
9041,7288
7422,4270
1746,2580
4214,8991
3000,7365
9608,6585
1060,6036
4119,3635
2183,8066
9016,7573
4405,6287
1752,4622
3703,3118
9905,3915
6628,5170
1065,6940
3133,5968
5358,1830
7795,4921
8311,1326
9572,1212
4246,71
3456,4249
6612,8743
8471,4366
1729,7389
3169,646
6740,8495
9006,9668
7399,4908
669,9403
2852,4104
4076,2097
2372,4763
6565,5912
3843,5250
9233,1778
2545,3305
8740,3118
2058,8861
6324,1380
7868,5054
163,6555
3002,7966
2424,5419
796,2517
6407,9025
8892,5380
7473,290
9645,3777
8091,5568
2413,6135
4449,663
2990,8123
689,4506
5580,9668
5860,1636
7873,4069
3472,7196
9934,1350
659,3348
4026,9185
6489,4880
6169,3145
8172,8459
7445,671
5065,2405
9234,5675
1968,6339
4318,6079
7914,1111
5779,6950
789,4356
6697,2850
1369,3472
3044,8026
6471,8386
7498,5540
7557,9264
1941,4981
4402,3591
9848,4045
805,850
3424,7180
9536,9152
9526,9998
8635,1002
3851,806
9716,3225
4135,7604
4569,4437
8981,7155
6237,697
2161,6532
2049,1719
9169,3749
9923,5080
2558,2456
102,1235
5499,8275
599,6989
2067,7591
7173,9080
5286,3452
8634,7012
5786,3692
2390,3565
1410,9097
1844,6231
3598,8400
1801,96
6017,5447
7409,1618
6378,4933
6949,1995
6404,2164
5953,2369
9258,401
725,3576
6574,6407
8021,4309
4353,3688
7270,9281
7874,8020
7761,9781
8918,2845
175,3887
5415,6165
6153,2549
5637,9122
3922,1734
5625,5458
8177,2474
2778,3848
7776,5239
8710,1316
8353,5174
3480,6811
507,2887
4607,4036
6897,3701
784,6117
3086,1325
7486,7698
13,8812
7847,5560
4871,2524
1578,720
9685,4616
230,4844
541,6312
7004,7383
695,71
1786,1725
4026,4635
7163,1939
5467,7907
1262,9431
1784,8262
7953,1060
5341,6325
691,6979
9321,1603
678,2097
8754,4389
1266,4816
8154,5750
1552,8313
3691,8336
5531,2415
8074,6257
5979,3457
9172,2359
7182,2757
1176,6292
4509,4152
1112,9606
7304,9587
8714,1181
4746,7884
1681,6096
6901,1566
2497,6779
369,4517
2000,9424
5168,3008
3834,9751
2787,3876
2387,5538
1888,9639
3776,8494
3945,2236
38,6294
1403,2290
2239,388
9558,3405
9365,656
8353,7729
104,4923
5047,3869
738,308
6443,7383
8217,5172
2572,4414
6580,405
7322,8185
1202,3167
6969,6507
8051,4210
3511,1545
1349,7107
4345,4784
6593,71
7885,3701
6031,2297
9123,3952
6157,5080
9703,3849
242,6265
7798,2302
7864,7066
2487,5863
5399,177
4016,2863
7503,5017
6835,5793
9380,6195
1924,2045
9857,9632
6738,639
5432,3811
1971,1417
8904,220
1696,6780
7043,9892
7249,3572
3297,9257
8887,646
5614,182
6918,4391
4096,6560
1025,3930
5251,1043
1948,9924
1878,8577
6670,4806
6824,7454
680,4402
9879,6319
9010,9132
3728,3821
5587,3852
9955,6360
5590,3098
8107,8060
7802,5248
5935,2386
7647,1624
4516,4409
1875,1077
973,7477
724,8252
431,1218
4116,4859
3546,2762
5848,4371
8123,7593
3095,4115
430,3703
6737,5023
3624,441
8702,2895
9425,5265
7876,5848
8649,6449
7606,2030
4471,4760
1371,6594
4811,4853
1777,5539
8170,6926
1995,3288
9762,7533
4291,6091
8005,3467
6285,7421
5338,6052
3999,490
3341,6015
913,6403
1421,5353
8085,1872
253,108
6748,8167
5925,6135
2775,1739
4694,2174
1644,294
6569,625
8661,6805
8294,2460
2778,5550
7821,6443
3104,1954
6414,8519
3689,8092
8522,8040
5572,7625
9383,3501
3831,6120
8677,5193
2203,5255
5667,9150
7930,717
7019,4603
5839,124
3426,4333
2680,3585
9857,1668
4495,8578
3244,8906
5356,1471
7337,3813
8595,7712
9659,8044
55,5444
4075,2273
6206,5355
5979,7170
7688,3074
7683,1633
1749,3970
4403,2907
9270,2435
2287,6536
3888,2369
9766,759
6812,6525
266,2874
780,6030
5368,9587
5282,7262
9723,749
512,9184
2977,6524
895,8825
8978,7741
8746,2881
6541,4097
1646,9922
6597,5816
1003,7825
715,3
2959,283
1629,4732
8241,4750
7231,6486
4814,6611
5557,9412
563,1892
6969,7978
3062,1698
9882,450
9803,61
9369,2465
9257,2695
2364,3077
8763,7969
1388,9512
7267,2564
3142,2841
6189,9013
4949,7182
2286,303
8308,9706
7293,830
5363,4755
7863,9039
5197,5003
6338,2371
175,7887
2943,5301
6793,4515
4648,3948
3946,3442
54,6762
6317,4046
6865,2774
823,9251
3971,9981
7867,5616
5648,3620
7592,7691
8531,2268
1070,4386
9473,8061
4583,3378
4971,3042
4829,5476
8621,7712
2532,6982
3261,7836
5540,3169
2987,742
1113,7845
9334,9556
6830,4838
8141,7950
3129,4526
4304,9896
3967,5741
2581,170
4342,1714
6043,1533
1089,9806
3903,4711
1812,1046
3086,5733
4296,1862
9836,9411
5288,253
7364,3997
4235,4096
4617,3738
9550,345
502,9609
515,4199
4955,9754
1438,9005
6210,1918
2132,7179
5798,2389
3845,6888
6926,1060
9488,5271
2481,8010
4041,7600
9124,2870
9268,7164
5667,1627
369,9503
8309,1123
5061,4383
5208,4760
9135,3985
4360,8431
5799,1599
6093,4833
7964,3129
7794,4650
5638,5761
5412,2013
81,1109
8172,8341
4663,8125
7247,6537
7495,9653
9477,2718
2739,8953
8061,5435
2302,958
5731,7471
3631,1317
3575,2508
343,6297
6414,6469
8242,8360
5553,9546
6695,2730
8094,5607
3800,3302
6857,8777
7612,1456
1961,9455
2725,5749
5138,8595
7134,6567
9698,1203
8979,6128
1890,4855
8806,1976
3302,640
5228,3533
8816,2451
7320,568
801,3845
6955,9003
4324,3486
4219,7045
3967,2769
1170,8291
9987,2378
5329,8110
6124,5472
9164,2404
3116,6785
4231,5501
163,2400
1355,3939
4726,7153
6976,8075
3378,8202
7356,905
745,8585
2404,9466
2990,6389
5416,5524
5552,2594
8940,5681
5044,703
9962,2267
2527,8946
5990,9140
8165,8179
1590,6224
1027,637
5422,5131
5660,4337
1575,4208
514,653
7698,9264
1676,4401
6952,9104
9842,7508
9477,7582
210,1450
1531,1195
5072,7141
7237,7960
7383,9113
6775,2237
2844,4661
7039,336
2111,8759
5489,1297
2372,2535
3967,5545
1791,2214
3848,1767
8010,575
8058,8115
8474,1214
6603,9016
4033,8598
2063,4158
6088,2384
5798,2477
8216,7518
1604,7017
3037,7170
1876,9106
6729,8701
9094,4553
1260,6907
3974,7544
7407,3957
1101,2665
1936,5184
9672,4052
6326,7495
151,5552
5511,8277
8646,9455
7620,3134
1782,5634
5267,4412
3124,4472
3272,2615
1589,3374
6914,2011
9266,1961
8459,2068
3929,4166
5309,9331
2404,6689
3738,3611
4172,1621
9492,9632
64,879
8749,2440
9133,2919
9925,4958
9965,5600
4182,7507
3881,3104
5067,1544
3389,7376
8201,2091
1254,8212
9672,8286
9882,1046
8311,2060
5922,966
907,4218
6244,5649
3762,164
6652,6443
8904,2799
3086,316
8050,172
1649,5141
8175,5667
1276,3802
3491,5524
4455,1839
6626,4553
8884,9791
5774,3159
9627,3075
7497,3009
7990,910
206,8725
86,8408
3913,8116
3081,2461
5680,1622
7946,3567
8455,6430
865,6084
6037,4614
4449,3363
4795,6978
6403,6824
4988,7618
7294,7635
9962,366
4607,5862
8512,1942
5018,1608
9656,4035
1684,8600
2231,2770
6015,9396
3470,9483
2578,8289
1430,8263
2270,8092
6182,9563
9728,1035
3313,5716
9206,2501
8679,6393
1919,7325
3874,5014
312,3215
1704,2143
1829,2848
4264,1547
1194,7650
2427,6951
3789,9742
9457,5612
7298,2131
8786,727
6773,1528
8162,2676
4248,6813
8270,5897
4447,6987
5035,5848
5585,945
1576,3243
8892,9121
1526,6542
686,4488
8228,9093
4244,9450
5900,8940
5231,2393
8801,2305
7370,6846
2468,2642
8382,9134
926,6422
3953,597
1069,8638
7876,3382
1813,3271
7996,4302
3681,3049
135,4908
171,7441
9123,6135
2523,5715
6635,2127
6382,915
7120,982
2643,8355
5625,8111
8446,79
9219,4221
6903,9140
2899,6672
9175,1162
673,5849
7655,1613
3766,2734
6978,3983
2125,3473
7505,5236
9369,1447
4205,6292
5981,5104
4388,199
6799,689
5252,2488
4194,6413
7156,9635
8384,7467
1064,7688
9383,2639
2478,8462
6803,8823
7171,450
8843,5777
9644,4272
8639,9267
3193,2046
6394,9061
9842,9419
3825,1700
1224,4077
3953,7434
5971,2825
9786,4339
3473,7718
4211,3344
5243,4399
3573,5440
3431,2849
448,523
8817,1262
5868,3278
9198,4666
7419,1398
1152,5761
3704,1732
3866,4124
1962,9313
9608,1557
6378,332
8210,6450
9226,8398
7320,5041
1134,3536
4737,9280
1214,9586
7804,7993
6122,4197
9487,3343
7718,6173
7809,4875
6943,3477
1593,6822
2442,3995
3837,467
3627,4525
5275,6561
7669,7013
7474,9410
9299,9984
4629,7873
4309,3685
5310,1046
8468,2162
6223,5085
6417,5609
8220,8056
5514,5989
2174,7214
4880,6437
9583,722
2794,547
6345,5424
3115,8260
6205,2613
6559,7639
7595,8613
7544,8879
378,707
5727,8495
786,3191
5438,1064
8448,2683
8791,990
3910,6414
9048,1057
2869,3765
4607,8621
1602,3024
2819,98
8915,4561
8535,5741
5628,8996
6919,3772
982,7084
7969,1890
5499,6596
694,6101
6934,2294
5645,8160
9558,6117
7488,2201
4241,277
4774,1052
2056,1905
6837,222
530,3891
9082,6111
9310,3392
9284,4032
8404,7182
6152,7181
7133,3091
9657,6049
6398,2171
1480,9965
7015,3455
4931,9365
7127,856
3932,1421
6975,891
1452,1467
2008,3326
9316,9097
221,9051
9346,7894
2680,531
8840,7665
552,2393
3508,7307
1267,6670
5127,3163
7024,1521
2312,3758
3357,7323
7347,5841
7163,7197
6641,5085
1106,9984
2032,6505
4573,1317
1510,1152
2700,336
6306,7690
554,3377
2605,3294
6255,3948
2990,5896
7940,8740
7619,9669
9303,5804
794,5333
4302,7475
1721,7707
957,2676
7277,4976
9503,2742
9043,799
2750,6731
3530,4065
7951,477
931,3104
8047,8426
7438,6749
9458,9545
1874,9464
478,4052
1837,6549
3825,5603
3016,1909
9064,7613
3063,5969
567,3036
4340,5998
7154,946
8210,9783
3793,7020
6504,3803
1784,9442
7113,2712
9261,3069
8865,875
524,4548
916,9590
2521,6896
5502,6282
5983,6856
734,4559
2487,1695
5890,1954
9615,4768
1864,5667
8019,5572
4855,10000
7068,7568
3597,5216
3840,5118
5286,8312
8798,6480
7975,5299
6836,3991
3068,2480
4633,9533
8603,3635
8773,8477
7814,8403
1521,4636
9823,9848
9215,9412
1903,4891
5704,6760
6892,4907
1976,8060
6966,4805
7668,741
5211,3203
5670,8168
5705,733
8240,3021
457,6236
9200,1422
3816,2553
8980,8814
8209,4586
3992,7283
9449,163
3797,8466
4817,6238
8853,2514
2379,6130
6381,4075
8316,808
2351,3469
2744,8889
6326,9555
5546,5684
6904,6218
5361,3607
5993,5126
8544,2657
3247,8307
8549,1123
3968,6127
8299,4788
4955,5637
8449,5511
9519,2426
7798,846
6523,885
2246,1086
9535,9532
7181,8186
5237,7411
1395,8668
9436,178
2906,3237
738,354
2467,3689
3282,6603
3176,357
9848,7464
2477,8772
5381,1789
7848,8458
6205,7084
8251,8292
6592,6391
8669,5769
7821,2297
9188,4112
466,6255
5524,9605
9468,7844
7986,5724
9672,3195
465,9662
5804,2948
3873,4549
2900,609
5021,983
8335,451
9006,8369
1686,6697
7715,8604
6943,517
2221,8502
1911,8032
6968,1842
8306,7245
7025,1693
7269,1886
6326,8183
3502,2572
3552,836
5160,8232
6403,3601
794,5400
1617,9533
6700,2474
9093,6856
4721,225
6367,9229
790,6835
5243,671
7559,7356
9079,9320
8926,7406
1828,2146
1713,6374
4168,278
9156,3446
8785,7304
2126,9144
5541,8961
634,2965
8008,183
5077,2248
9437,9230
6340,6092
2065,2664
6250,4820
4182,3674
4685,5906
4836,9943
4583,8798
4278,2590
6915,4326
5085,1044
1993,2340
8389,4260
1928,2796
5656,3833
515,8832
3990,6343
4350,8483
220,7486
8100,1039
2772,1057
1082,1259
2960,1746
1611,7446
6130,7716
7094,7961
9186,1200
1003,5806
7784,9242
1074,3025
1208,1810
205,7114
5947,4492
4169,257
908,400
2619,8163
9111,7439
5496,6353
4631,5742
2934,7051
4753,8472
7273,4678
9515,443
4417,7643
3932,1797
8547,5240
79,2615
1847,2802
5108,7796
1627,9050
4942,5226
8309,4435
5331,2867
2860,9298
2632,4200
1488,6175
1739,3804
3685,2060
9453,697
8697,7711
5727,5138
1923,7342
7733,1209
2885,9248
9858,5409
5885,8962
1043,8014
5793,1384
9562,345
4723,4811
1662,2704
8530,6277
1365,4398
2545,696
6886,5531
3209,4542
8690,2253
6101,5193
1111,9409
8761,5168
6304,3605
9159,7989
4502,6135
3529,7134
9853,8484
3034,1516
9347,8155
3369,1606
8355,2
783,9549
6407,9483
7896,55
5276,4987
663,7746
7917,2657
8914,3846
5053,7238
4166,4038
617,503
6956,7857
9044,6554
6569,9997
1022,3403
3039,6776
8642,5091
9780,9452
2895,5478
2872,1370
7322,6819
4400,1871
3828,6725
4364,5095
2684,9110
1968,4364
291,605
9668,7248
2928,1207
6817,3204
8296,3893
1994,8058
6597,7536
6069,174
3846,2118
2205,3670
4237,4934
6211,6792
6479,545
34,4907
5290,7476
1533,2869
9066,6324
1863,6200
6347,9752
755,1305
890,5931
3725,1316
7301,7017
6767,3573
409,2769
4294,102
5789,4662
3487,3066
7052,8625
2200,1565
3278,6014
7212,2691
7368,9023
1695,5892
4108,696
1616,6725
8152,5496
2108,6695
3958,5130
6938,6635
4943,4393
6520,7421
7169,2353
6902,7876
7347,589
2227,2597
2217,6627
5855,2744
1793,3937
3656,3214
91,62
8585,8990
1427,9162
2525,201
9772,8517
3108,4027
6159,2526
489,4285
2802,505
8699,1372
5064,471
8278,8301
5932,512
9563,8479
3228,2757
8967,974
1487,9329
1114,4150
2470,2735
1772,3695
7663,9752
6955,7368
7953,4551
7644,3459
3932,9944
208,4841
9688,1680
3025,126
3200,5153
6881,3432
8225,3920
470,148
3769,2326
8485,6692
206,4137
407,9754
1517,3146
9677,5224
7035,7759
729,732
8081,1147
341,1897
9132,5478
5343,7997
1499,871
4848,2465
9772,3587
5315,971
2558,2146
2429,4908
2112,9838
6837,2868
6878,5564
1775,638
9375,4897
5877,1363
3671,5765
3405,6395
3682,5895
305,9184
9776,1511
2381,1908
123,2455
3128,2898
21,5606
516,482
8186,3310
7533,6932
1288,3042
6982,5194
6238,802
9963,6961
5057,3554
4630,3205
3039,4155
2975,6825
1718,6162
3559,1466
5910,8247
5133,248
2777,8302
8995,2358
6445,2679
7264,3317
6327,3652
8030,6220
7858,8195
2145,1396
7835,3144
4193,1213
8177,1493
111,6759
5661,6401
8902,5076
1870,5662
8224,3180
2428,5958
1145,6859
5913,8674
2315,7075
6001,2170
2805,2278
284,7157
5346,8244
1873,9711
8276,1990
6109,956
2299,3885
1751,7722
9764,4803
1386,9092
7570,755
7110,899
6703,4199
3365,453
6000,1535
8366,4122
6529,7806
2385,4161
2298,3917
8869,1421
1555,4398
7436,4404
5103,5072
3850,2102
2373,3006
4420,7401
5319,3940
4942,9883
2886,1305
3878,858
6261,981
2676,6273
5160,4128
719,5918
2380,8822
1259,312
9959,6305
3903,8981
7647,9475
466,2565
4498,1419
7233,7968
395,5937
4128,8153
5307,5148
2336,2233
6293,9240
831,2929
8524,8072
978,2251
7164,9790
1885,9079
3487,6743
2202,7522
6412,2015
4424,5960
8658,236
7732,7781
7180,4764
1988,4119
4951,113
6329,1340
679,8811
9910,1652
5474,5691
2931,3604
3655,3743
4915,5680
2184,265
7691,3460
7403,159
4493,5614
9906,6313
7335,2708
5797,3045
1302,2459
2244,7182
8981,8720
3401,6653
1763,5739
2898,1415
420,4104
4352,8656
4734,8129
2844,5028
6487,2793
7238,4287
4637,423
2846,2715
8635,7791
8537,7134
2974,9048
4370,9020
418,726
3883,5769
3984,9228
7113,7815
9602,3227
5202,5232
9281,993
8671,3572
2088,750
4992,1943
9961,1433
6591,13
1120,5676
1223,2612
5400,2676
4466,4830
6209,8894
2459,2688
6501,5873
1873,2915
812,1327
4187,2762
681,2020
7072,5346
7377,3047
6353,8209
2931,361
384,6407
7209,5412
7810,9130
2125,3727
8974,9476
2322,2272
1994,541
6289,7910
7437,4256
6640,7778
355,4170
99,2478
3790,6409
7823,5150
6412,9857
7428,2264
5736,9051
6308,3236
497,1724
4425,3777
3463,2455
2215,5453
4231,8273
2045,239
9381,1299
3026,5465
4766,1404
3171,6009
6539,6730
3950,9167
4842,5767
5832,5202
5115,4592
4982,1001
5484,596
5558,7536
8936,4780
1627,8839
6396,7435
8595,4549
3847,1281
6341,8239
7242,7197
2797,1317
3730,4738
5037,41
3998,8797
6216,5360
6749,3070
7363,4289
5302,5923
9579,4867
3884,3377
634,3260
5433,5793
962,7207
9874,9529
9766,2679
6725,7451
1047,2052
8794,7967
6023,6131
3364,99
8507,9448
5900,638
9925,7731
5700,8374
210,2733
2065,4421
4897,1954
1789,4784
41,2864
596,1772
3285,1614
8546,1109
6128,7623
8200,2870
3714,9433
1678,7999
1593,7160
402,5120
186,2927
2530,8099
4162,7205
185,1222
5126,3586
6382,7191
4771,8425
3856,5708
9166,5170
8827,2330
9221,1810
8326,9599
4615,1927
461,5585
528,2850
6830,7304
774,9869
4392,3372
1935,9557
7791,2160
5737,2088
1735,9080
8359,5909
6660,4772
7577,5153
2770,5941
4560,3190
6554,173
9444,786
943,436
8044,4403
6068,6973
6738,4233
6510,7823
4380,9132
3505,4550
5007,3233
8366,7490
2239,2035
5972,7911
3347,2425
5081,99
3456,9071
7800,4984
3623,6986
4418,8037
2441,2499
1300,8429
1569,7680
1835,670
658,5650
5102,7819
4386,8278
1468,5203
632,1596
509,2798
8857,5831
7216,1004
1921,1467
3198,3518
3611,8946
9406,5076
5553,3722
2923,9185
4061,3430
9916,4033
4151,7854
1916,3747
147,9206
4926,1321
2814,5521
7797,2197
6105,1517
299,3406
132,3711
1940,1899
5809,4043
3221,5711
3790,1011
1428,8968
7899,7461
6313,5482
3480,8077
491,2114
4414,1081
5863,6759
5850,5339
8000,8273
714,5990
5121,5507
6931,8421
7246,9681
7645,857
7601,5292
311,6481
7278,6201
4445,9074
8161,5273
4328,9043
5729,3701
1443,4957
1910,9108
4968,824
413,1580
8218,5162
3158,2038
2486,9147
7036,9736
9728,2858
2482,6508
3093,7518
6562,5901
2033,5588
4802,314
1315,2976
6137,7564
36,4471
5280,6356
2847,6041
7666,1778
590,609
27,4801
1732,700
1895,8727
2362,5187
3067,3835
1252,24
6269,9054
2456,1434
3082,891
4245,7899
2647,9237
2666,6876
2536,4692
912,3434
2895,9074
6644,264
2399,101
882,6934
7607,8449
973,122
5316,892
5165,3814
8074,9490
7964,9927
6228,1811
3038,9359
8062,8066
7430,3767
5179,3967
9279,4809
3706,9211
4477,8271
228,1873
6743,8449
8073,4355
4833,9637
4440,2021
9490,6734
6596,1065
2128,1151
2895,4929
4738,2460
6076,687
8056,685
6541,5901
5403,7947
1570,4224
1377,250
3838,2998
6134,8020
3408,2220
6538,7599
5456,4242
1989,9457
1088,1376
1367,1608
7469,9383
4262,6014
8232,8608
9743,779
2237,8860
517,5272
1591,8193
9022,5249
7631,796
8836,6364
6304,8687
3118,5544
1531,4974
224,4680
7929,2868
6910,2166
358,5115
9308,6682
2875,1152
5107,4187
9048,8612
9536,3706
1723,986
9982,6175
1845,7417
8637,1657
8849,1974
914,8747
6722,3447
2056,545
7944,4235
5776,1405
3880,5787
9806,7977
2256,5165
4438,1454
4793,567
7775,8996
281,8776
5416,1843
9936,7243
653,3891
4491,215
557,7753
661,9046
8924,7103
4274,8361
1672,8038
7190,2915
5311,9908
1291,7801
5328,3791
8067,2805
3266,9965
3824,7502
141,7365
7239,7574
3407,7141
1307,9787
8911,6833
6470,7559
8005,9370
4805,8380
5086,9509
3836,3241
226,5998
5399,4078
8745,1664
9052,3463
295,4559
5414,4639
3890,36
9407,2560
5898,7373
885,942
7340,8408
8070,5450
2266,8392
1914,9772
9698,1027
9318,602
7434,5327
2816,9354
3407,5936
1979,6879
3355,6930
632,8431
6662,6726
2044,8342
5600,88
4667,388
9708,9438
7292,2674
6874,5403
1527,2896
1945,1587
6324,7859
163,2735
4118,690
302,7085
3093,856
6591,3060
2086,5991
6262,4643
3987,1910
8200,104
2206,3691
2708,7032
9815,8497
1663,1779
3505,4012
4452,5628
559,6180
5645,1461
8989,4110
5906,1215
1760,240
5317,3406
1493,7764
7819,766
9974,1059
1294,9474
9559,2369
690,5787
8810,7303
3088,7348
6846,2588
2726,2508
2537,7958
1779,9942
1014,1986
3219,5909
1388,590
1766,7051
2032,5023
7060,2340
9885,24
423,5525
7628,4089
7055,8131
3112,338
9885,7302
6354,4113
2572,7217
1313,5059
5270,8489
8438,1101
3170,1999
173,9818
3259,7593
3805,5506
4194,5062
6216,3269
7410,1310
1215,6007
846,4412
3802,6674
8903,8101
7115,9603
3367,5755
6729,4574
5865,131
7332,8974
9365,9655
8037,7251
7665,5687
9701,3730
1392,2784
3863,9030
5708,4332
6645,7869
1142,1063
3365,9654
7751,9739
7165,9308
9250,6236
3192,9951
6253,4657
5106,3146
7670,8705
9547,4051
3317,5557
1708,2454
6131,441
7439,985
3118,3525
5863,1053
5257,7884
9665,4521
8846,2719
2962,4519
5004,6598
4767,9167
3997,2483
3853,4460
4626,2649
769,1251
7996,8017
4396,2619
8801,5508
5971,4258
3430,1062
3680,2994
3891,3435
7164,988
9282,8219
4870,4895
33,7391
7617,4167
9390,5602
4106,9111
7762,2289
3454,9682
3021,6262
2766,9836
3256,5057
7509,5373
1314,49
9259,5474
7244,550
4070,4656
1659,1175
6675,5246
5987,2986
6540,8509
4875,9096
8678,6624
3985,9555
7486,6004
4454,1303
207,3655
5667,3736
612,3376
8219,4440
8163,6863
5742,1910
5017,5245
2354,8248
3965,7229
4191,7375
6749,8550
8779,4280
3522,7507
114,2777
9649,1747
2800,9566
9164,3622
2685,9768
5553,2839
4400,7487
9640,5517
923,1940
8871,3815
8091,8853
5989,7428
5715,3450
4071,173
9427,8629
8868,9656
8024,7840
5497,295
4257,5666
5243,8296
3208,4284
7504,2559
5813,2296
6151,4313
9095,6632
6022,3430
1642,992
5027,1349
9096,2330
9797,2197
6289,6491
6815,1792
2162,5311
3103,9993
3941,3160
2553,775
1256,8162
3024,6754
969,70
1271,1951
1441,2196
6455,9537
4611,1914
4579,6440
5823,8601
7698,3945
5265,1197
134,7205
1424,7155
4095,5615
8334,3294
78,4929
4864,6368
4926,2087
29,3366
896,4832
9563,7376
1052,4160
9178,2557
7548,3750
4669,3984
7255,8889
7521,7451
5115,8972
7430,8834
8661,503
1459,6182
820,4152
9835,6007
978,7753
1964,2249
4136,7220
7140,1889
4862,9103
5257,9795
4531,8899
8792,8764
3514,504
1625,576
4901,9850
7882,1988
4723,7896
102,9771
7427,4463
6722,6848
4268,9160
2636,2384
3747,945
8370,8725
4849,8310
3962,9172
1871,782
5954,5522
5793,6061
7336,456
6312,1708
7685,3560
169,6019
6792,4078
3252,604
8183,5900
8236,5643
3052,6666
5340,1106
5426,6040
4581,9976
5578,9478
116,7637
4427,4068
7184,8090
4746,3843
9222,2624
3070,9520
9954,1415
9827,1248
1359,135
2745,2097
1622,334
7912,1230
6230,8412
6858,8842
817,8617
6794,7425
7026,198
4761,137
4074,7083
2472,6121
4006,5695
7365,6266
7772,5788
7851,3237
7063,4702
5595,8724
9769,1227
903,6859
7661,2058
5598,3319
9027,2231
2617,5490
3353,8448
3737,2352
4746,4461
137,2716
5222,8653
1908,7286
2348,9589
3445,7413
8190,5356
8436,66
2924,5931
5143,9697
8004,6667
8543,2805
6896,4718
1830,3555
9555,9492
7936,3747
7722,5144
8457,2312
8131,7748
7048,666
7214,818
370,7912
4550,3780
6212,1070
2426,7433
979,8818
8554,5688
6699,7504
4915,6655
3268,680
5526,7589
9034,7620
998,2205
598,8101
314,2064
446,9890
9007,8213
3490,2576
487,9193
8911,654
6987,7990
1269,4480
9897,6606
3481,8572
8365,6909
741,4043
2631,2073
6340,7602
4470,3508
9047,2514
1310,5718
5812,604
8922,7391
7545,7724
9203,9328
5148,102
1023,1156
3787,8270
1746,4703
9423,4640
8474,1024
5008,6897
9038,9036
4989,8949
6949,8500
3054,1438
4522,8010
9210,7772
2217,4474
2529,345
3450,4272
6607,9967
6039,2608
2252,4658
8874,8968
129,6216
7917,6692
2788,7016
9441,2738
9031,8721
46,5012
2295,1994
6090,8791
5729,176
9019,6255
2921,3854
2996,217
6823,8774
145,4645
3734,7062
4331,3888
7732,145
5067,938
8709,2844
8422,779
4081,2870
2823,3674
493,936
5488,380
8076,6113
1221,8137
2747,9731
2280,210
6524,3760
6359,8367
6673,6223
9097,9632
4626,6663
1792,8640
9530,4494
7283,1454
6846,9519
7340,2060
7310,798
9121,4457
3130,2124
5152,8992
2186,2131
966,3076
7441,1132
4884,5461
6975,6494
1061,7815
7333,5539
5800,5070
8157,8100
7079,9142
4344,6357
11,4827
97,9099
7700,1579
3053,6933
4416,8290
9098,1697
7320,7957
7979,8471
1054,4682
5635,1677
5674,8731
4402,1681
3367,3706
7912,4912
1021,193
7606,8340
3382,3707
1199,2905
4361,9434
6177,8035
9917,3060
9120,3181
1340,4193
3803,7933
1420,1757
9786,7745
5649,1540
937,746
2046,8994
1017,691
1765,8458
1174,7360
1859,191
5715,6736
2495,6787
963,7118
4227,7404
4798,2854
5275,8076
4633,219
5216,177
502,8011
9682,8491
9586,3398
5787,9339
4387,2561
9170,8029
9898,8775
904,2109
6709,735
7087,7032
8710,1039
5867,670
9658,5214
5536,7594
3565,5800
2727,6854
3502,4930
7164,8562
6588,3101
8992,4828
8446,5391
7067,7163
9316,8421
115,6947
1266,7865
9421,4797
8102,4450
216,3865
1362,8890
3616,1213
1298,223
5372,9369
5992,7919
9579,4178
5535,4049
4615,3745
91,7137
3286,4594
3400,9010
1327,6612
9671,3051
4425,7582
4455,9153
4696,9602
3598,3438
6016,7750
8772,4213
228,8676
123,8778
1459,2983
3185,9294
560,4815
9532,8587
8814,3350
750,5118
5876,1583
1430,9982
3314,7535
2388,6357
2409,132
1211,2909
6228,2535
6441,8765
5628,3502
1747,923
1003,8391
4916,4214
4504,8761
527,9813
1604,5811
3793,6637
3825,3717
9498,7402
5598,2937
2927,1680
1901,8932
8612,23
707,3242
2469,1650
3552,1103
6511,7397
6995,3256
9308,531
316,3929
494,9482
2857,446
2014,9189
4576,9228
1999,7203
1648,1242
9672,5696
6923,6245
4507,3928
4641,3542
58,3985
7220,438
2279,7668
7572,3336
4387,527
6720,1233
9829,9270
5067,3827
3165,177
2313,5755
3766,5021
696,7604
2418,3553
3720,9206
8184,8712
3886,8473
3564,9958
3401,2467
8440,1088
1272,2080
7731,8612
4088,3915
9040,800
3067,504
1988,7383
3711,438
4454,9444
4628,8678
1480,5685
5936,7557
9099,1541
2063,1872
1420,1238
9743,8546
9771,7871
6692,2139
3677,4668
4133,2915
7688,2444
8361,7638
7251,3985
604,6756
5816,4834
9320,6644
3934,1086
9851,4685
2045,9660
3889,621
2063,4311
4781,3006
5385,4491
7941,1140
1573,8759
9586,7429
6909,5945
7321,247
2655,3698
7314,4636
2713,7172
2358,8048
3487,9207
380,8387
2535,3508
1905,6132
358,8029
2027,8137
8062,6324
6574,3141
2881,6876
4784,6947
9146,9711
3570,4881
6124,5489
4455,4659
2721,3270
2148,802
6297,7199
1224,1871
2429,9247
9411,8172
1140,3170
5859,6434
4280,3405
1553,2063
4930,9918
8081,4076
7201,8535
5890,2253
7466,4573
1092,9416
9310,6987
780,8407
7249,5328
4532,1446
6156,2089
5395,8239
4622,9094
3273,5809
2249,3959
5926,5588
3708,7655
1703,8942
3597,2624
4599,549
6591,5269
341,4741
3161,7896
7878,5507
6384,6998
3922,378
5681,4867
9187,3112
6083,6942
8602,5083
3935,8704
1424,9355
9915,3598
7648,47
9972,3028
7817,2599
8459,8926
339,6756
8687,8492
4386,5098
9996,6627
4713,2717
2728,5298
7085,6428
8778,1853
5911,6553
395,5561
1587,3041
2663,5468
4857,3822
7524,4465
4892,4027
2060,1492
4496,6477
7071,2494
3110,8904
5866,1795
8093,6571
7849,533
1869,9055
6615,8800
6451,3329
8404,2602
2903,8189
3780,8395
6327,3708
3952,9176
7135,8967
2935,2624
7594,2306
7410,3863
4690,9475
868,4669
2781,30
1805,8266
1028,1856
6850,4404
3361,9820
673,6330
2530,1053
1422,1095
294,7954
5175,5197
8068,1522
4784,2577
1726,8030
5029,3241
3607,3465
1660,7168
4619,4548
3539,5345
5002,9211
8713,5354
538,4136
5345,779
7467,7277
2402,6149
8745,9881
5185,1990
4808,1903
5759,4996
643,8880
7651,4494
5944,1949
7903,4635
4770,4939
239,521
5389,4144
5166,5843
4352,1581
5241,1064
4614,6258
994,9900
8221,2852
8364,4927
1766,6776
9127,4673
689,3337
8824,2609
7972,3259
3817,587
6976,980
7390,4006
2228,5752
7849,5493
927,4765
7449,3701
6239,2317
2817,4321
7870,5222
8938,510
4555,5283
4316,6257
2679,9380
4927,1
3900,9365
4303,8996
732,3943
4553,5448
8856,7475
1112,3130
2147,8647
4748,1273
5947,8814
6414,5088
3041,653
1906,765
35,2075
4083,5033
9356,3658
8272,6916
716,9366
2114,7699
7028,2246
3502,8622
5689,3881
9884,3255
8151,793
5393,4332
2802,9344
2169,8319
5158,3336
6348,5335
3537,2412
6432,4474
8783,140
7804,4903
9790,1644
9009,2347
2543,6266
6296,6450
1048,2068
9380,8752
219,9509
181,1792
4778,8711
8383,6917
5651,8162
3757,6443
950,1631
9647,5475
7023,5331
445,7652
2890,2301
1105,2183
5959,214
2484,8182
2397,2219
7271,1185
3635,7035
8626,4465
6811,7682
7676,7367
7587,550
5914,3376
9338,2184
6200,5249
7247,6539
5598,6709
2984,1016
1437,5564
8794,9161
9875,9247
8868,225
8689,9198
6440,181
1434,3254
2265,9066
9226,5883
3177,493
1100,1256
9606,2171
3897,4015
3129,4381
9434,3787
8736,2535
6741,3857
9095,7897
4192,464
833,4080
7099,5483
7366,2253
2282,4575
3637,8878
924,895
9744,913
9818,7818
8837,7783
2686,6468
5437,2301
8417,8044
7901,172
8975,7518
8309,2290
6202,677
2289,9947
6766,7433
3482,1355
5683,7532
7296,2810
4219,5185
6197,845
8110,6627
8843,9482
1606,1581
2256,366
5656,4373
251,9139
9672,4804
9183,2482
9265,8887
3734,2228
6065,9463
8189,155
6614,4694
3503,7452
4074,8661
6728,9369
3451,3220
4203,9480
48,5174
9544,9098
5736,521
8950,6123
9955,8328
50,7408
9778,9351
8569,9189
7932,7136
5098,4206
1159,8843
6882,9288
5203,4463
7311,9043
8341,3497
8870,7997
9437,3767
3082,2002
7405,4350
5211,403
2172,1025
2429,3025
5065,2073
493,3545
6970,3791
8899,4211
7359,8888
5544,1655
2010,874
5096,5344
1359,5287
9782,5675
3906,2745
5715,4270
4409,7407
9312,8393
7549,8615
3998,8350
7968,9328
4401,1167
5060,114
4046,3271
8730,3651
2168,1259
6504,9091
8585,3210
9509,9820
5861,8121
3425,2151
1077,705
9937,3714
1268,6082
6420,1724
5034,6551
298,7177
4859,5836
8914,3843
8289,6594
7446,4188
1258,8218
6688,5305
3265,6111
7342,1321
5840,9273
9997,3977
1427,8764
6082,384
6273,3951
8099,7910
3382,2520
359,8971
3902,3685
1727,2604
4067,6451
56,9852
9225,3889
2054,9954
5046,2383
1623,523
5851,1009
6909,2286
9792,4409
8543,4373
2698,6298
5271,4013
8171,5103
3952,5617
6995,6197
6727,1549
2967,9766
4797,9311
9574,5504
4344,3568
3145,5550
9004,746
9088,9808
6543,6754
1304,1396
4055,4152
5274,3105
5892,8399
1576,741
3760,8342
309,8773
1357,5492
6306,5370
729,2134
2465,2466
2493,7519
3686,3678
6229,6380
1839,1468
9714,6388
7926,914
6574,2323
2803,4818
42,4902
3326,8469
7880,8723
5413,5647
7397,6603
9714,9238
8194,6097
3014,6707
767,6932
9254,247
5389,9939
2989,4233
38,2646
905,9565
8278,9159
4697,5008
6678,3795
661,930
8940,7296
9448,1447
7902,6206
6541,8223
9487,6087
7250,4883
66,2958
9592,5024
7676,5480
8407,881
2173,741
838,8437
5546,1694
5708,9223
9592,2007
9537,8977
456,1119
8093,5316
763,5105
5671,549
2928,1810
7889,9987
6047,2796
9034,3643
8385,4367
3726,9537
5344,2984
1445,130
8636,391
6948,7974
1283,4120
6461,5569
3488,5207
7279,7217
9793,1740
5823,6513
265,6252
9620,1140
8593,7322
6110,875
16,5700
7244,6528
814,9521
6065,420
1027,5201
4959,1538
7298,3984
7288,2144
2591,8928
3590,9697
7395,9567
4363,9922
2141,7636
4449,4660
5036,75
7800,9836
7016,5624
6220,440
4793,6837
8566,2436
7402,9879
8021,321
8091,2795
9943,9270
946,298
5952,5483
6284,8705
6952,1590
6334,3205
7148,5566
5177,7791
8049,3552
5707,9523
2506,61
5912,6543
869,6857
2586,1419
6608,6432
519,4588
6152,2490
2130,9135
3661,8472
5367,4592
7817,4258
6875,7844
9522,5184
8082,434
3159,1624
4689,9555
4720,2370
2576,2501
6654,5411
5612,7393
8212,7287
9038,9490
5296,6544
9148,9313
6993,8977
8038,8413
4696,8368
8716,7736
5936,9169
8225,3445
2944,5016
4863,100
5046,8774
5871,744
8711,4675
4911,1900
3020,583
4161,6021
1367,5366
4551,311
8097,7908
5773,3276
8327,6217
3617,4384
2004,80
7604,6541
4429,3202
8737,690
433,6077
5020,8274
1420,4302
8777,6990
8707,1380
364,9084
878,5690
8620,8425
2125,3741
2574,9827
7574,8402
9165,5753
6025,505
4915,9797
1774,8462
2747,7122
3460,48
4640,5178
2445,9006
5603,9469
7991,3459
8083,1323
2858,1283
2872,5644
2466,6953
3316,6108
2147,5708
5330,3751
6214,4560
7356,4688
2951,9216
9704,5469
2944,2001
9342,2666
3651,5788
3749,4317
550,821
5248,5987
3807,9166
8048,214
2024,7603
3998,4115
3843,6461
5302,2867
3151,1844
1503,6017
6405,6309
1240,730
9120,305
1509,310
1217,8699
215,4666
2876,6689
3593,755
5595,3672
9536,1986
684,4984
9825,7411
1626,840
4870,381
1022,8970
320,2492
3178,6237
8929,473
9685,8674
6728,9563
6777,1676
5904,3361
824,4885
3418,3570
514,5872
3032,6789
3281,6164
339,9306
6416,7164
7025,8222
788,6800
7534,1797
1424,983
5569,7440
8546,7969
7218,8636
6722,5397
1410,161
9656,5435
7118,3372
1031,5773
9298,4170
2207,8217
96,9945
9461,3065
2948,8993
1582,5391
8745,5536
2382,5327
1426,2313
4489,9611
9537,9882
9752,8136
8669,5687
2032,8891
7411,6805
9951,2557
4354,356
8077,6113
8501,4392
2700,9983
9348,8186
5388,1892
2971,5661
5569,7913
7120,3516
9725,7584
2361,788
9810,9544
1165,2452
8728,8648
2992,651
2605,7146
9048,1460
2871,3415
1368,3118
7518,7769
1715,6928
3944,6470
6676,4146
4415,6627
1165,2169
5742,2911
3175,3364
4058,7482
3599,2489
570,8436
3242,9431
6729,5185
1862,1599
511,9457
5524,7335
3250,822
9066,4314
2155,7063
8193,3721
8870,4573
5985,5263
8656,2417
1466,13
2929,8590
7820,3560
75,7067
7989,9287
6965,4231
7808,2296
8098,4834
8445,7817
5349,9435
3417,9450
4766,2802
2802,9385
3366,7719
1936,482
4782,8387
6696,554
7340,76
2007,1826
9915,5002
5124,1669
7471,9211
8783,4607
7126,6412
731,1140
8044,9766
8741,5026
5971,1798
7447,944
6938,4851
9755,4801
2829,9794
3580,6125
1214,1582
921,698
6165,2601
7947,2296
2768,4183
738,8781
2715,1241
9800,359
8356,2780
7318,1770
9349,1675
4772,2611
8323,2140
4677,7416
3314,261
4852,3230
883,1981
8080,2126
3410,5440
7711,9530
7257,1739
8226,1703
6124,1087
9469,8948
3385,1339
6415,2217
123,5724
865,2078
5303,5774
5776,1132
5501,6986
4993,1506
1625,4487
5586,7866
9061,1889
155,7114
6104,5209
8472,9151
9891,4621
3774,3477
5831,2173
361,7758
9747,7758
1541,3390
3545,9036
4869,3441
5546,6314
526,2475
2239,9455
951,4204
7180,8826
5218,2157
9444,5888
7828,5675
5878,4852
7515,6204
9071,9881
3403,2182
9434,4971
9176,2192
2500,8457
2304,2673
2188,2537
6109,8525
2854,4458
3096,474
1618,6334
3331,7361
9221,3591
6429,1063
8729,3538
5972,320
3080,440
447,3297
6448,2689
9038,2243
9216,4947
3387,9380
4212,1198
3240,5769
4342,878
5411,4512
3363,5908
2775,9340
9277,3380
9437,2517
2091,5510
1086,1501
3032,7967
7195,9683
3012,383
6772,6219
6222,1619
1320,4058
5264,4882
2335,9202
5996,5536
6848,7607
9721,3470
3112,798
177,7204
9488,9548
371,2323
2042,7919
6037,1792
8828,6732
3764,3881
1216,2430
6750,1380
1993,996
9855,6252
3141,2584
558,9702
8931,982
6836,4365
2215,9496
8433,2052
9094,4543
7273,2153
4805,9560
274,1471
1380,1490
9512,3837
7115,9104
9551,1627
1410,8907
1042,796
1910,4452
2092,3542
9282,8478
8037,5508
9465,3220
5143,8652
5026,50
3469,2710
4095,7514
1960,5618
93,9882
9294,2231
8113,8169
5867,8951
3209,8047
87,5552
7813,2950
277,8287
647,9099
4215,6391
9620,9805
3052,727
3606,1194
1431,7342
5629,7782
708,3313
2527,8684
2406,7218
7353,7018
9612,94
8657,7988
1645,9612
7281,437
5326,6933
3678,4693
9240,5264
1821,5762
3186,9394
8225,2527
8467,3045
9947,9591
8108,4704
3636,9049
4125,5884
9212,6939
2713,5010
2106,7182
1702,8596
8845,8036
6322,9348
4917,1251
1096,155
7388,8892
6408,806
6673,8919
439,8319
7525,4838
7342,2378
722,6873
4731,3799
3614,4158
1992,4279
5062,1617
4041,1721
5946,4791
5063,6207
5739,7660
2982,7010
495,8143
2413,5550
2870,4870
4171,3950
9001,5618
4322,9267
3938,5146
8988,4898
2111,8750
1594,935
1193,4909
3799,4894
1770,4605
1470,3508
8380,9130
5846,6768
8394,1840
3341,3314
251,6952
566,3792
2827,5556
813,6129
3036,4471
6059,9457
407,5438
4470,8089
3140,6924
4488,2351
9772,8022
5055,157
224,3335
6527,3478
3268,281
1525,4287
852,5555
3392,3949
545,1762
4372,266
5860,1899
4770,7364
3528,9187
8983,2563
43,5682
8255,5609
6134,2116
9104,8155
9863,5697
494,1720
6685,4364
5622,9625
4581,3537
6423,4900
1464,4831
9447,1061
7514,3289
8160,4676
6882,6554
6389,6805
4872,1662
704,6903
8314,5053
7072,7307
9382,920
9747,218
9381,8984
3051,1716
1322,5854
7316,3625
9071,5667
826,9642
5103,8263
7514,1065
5665,1628
9115,7147
5895,3110
1448,7387
4041,8439
6604,7436
377,9058
2593,5314
6481,5782
8127,6412
7765,6561
9709,4656
3825,2011
4665,4979
8165,7060
4519,4152
9963,4091
9149,2726
1619,2869
7672,9373
497,4895
4667,8629
366,8836
4489,4341
4567,4335
4832,1605
522,4352
1516,4437
4991,3962
2331,198
457,9894
9348,1872
584,8065
6218,4421
7239,95
7819,6562
2455,4448
2510,2504
9018,2401
1966,3725
6844,6334
3791,5535
105,8418
5074,5717
8443,6114
137,5077
3536,3437
7129,6557
5917,7256
6907,6385
8177,5081
3392,6829
5752,6803
68,4645
3140,575
4919,3526
1261,2346
5442,6775
9963,3935
6684,7335
8335,2502
6619,658
5883,1573
1355,7376
7602,8773
1655,8023
1083,8820
8149,8333
9474,124
5463,9811
348,8044
7743,9618
6854,388
3463,5805
119,929
4786,8816
7621,7555
8302,794
7286,6629
7409,62
5760,4097
5473,7956
2048,2031
3820,6754
9925,9313
6222,4193
5657,7084
1974,1506
5352,3587
7047,8244
2327,5350
3223,3502
1200,4123
1662,4725
897,7300
5288,1366
3899,685
6707,9782
4108,232
5483,9914
1027,1885
5531,1793
382,7085
124,6181
8313,6735
5870,8316
2808,6151
1815,9893
1264,6586
5700,6308
8879,4326
6017,4342
4214,9567
6884,6306
9137,8095
7653,7115
1404,9210
7237,9828
2980,8862
9835,4333
7875,3793
6241,8135
3028,7946
3277,912
855,1638
5419,8610
9055,8944
5395,4980
8427,701
4268,294
489,8397
2386,8325
433,5333
6220,5067
795,2595
282,9369
964,425
4031,4365
9970,4273
1732,2760
901,2248
9512,1823
847,6652
538,2175
3995,824
2977,4317
3255,2619
1210,5584
7889,888
410,6255
2309,5703
525,8588
6725,5189
6886,1655
1683,4966
5055,9
9436,3136
1365,4653
7121,1848
7891,6843
2405,4922
5126,4904
6130,2046
1266,1631
1804,3533
2836,8144
4958,8895
3945,1291
847,7097
9578,4421
6690,4093
7036,8290
6025,4855
2921,2190
2716,1025
5273,2345
357,4551
3776,7115
9958,9186
3718,9404
225,4939
5389,7101
5227,4034
1724,7612
3514,1367
8382,6824
5945,5262
4648,8429
6288,6335
7105,7792
1373,806
4806,3132
4084,6601
7936,851
9929,2202
2146,7561
9169,4730
3404,420
9068,2009
5130,9574
8023,8295
444,3395
635,1682
9479,9208
8130,8255
9379,2981
7007,1797
1438,8873
579,9183
4924,1945
1494,436
2813,6125
2385,6542
9076,594
6357,5060
5791,7646
6140,5972
2070,3738
6351,4465
6983,7012
5510,8712
8321,7714
2040,9614
5107,3288
2790,227
845,4807
9395,4630
6102,6043
8392,8685
181,3762
4638,1516
3537,3240
9358,3128
9427,9592
9781,8153
7864,6428
9289,2263
118,2742
4580,8018
968,1042
8440,1956
3860,9008
794,8464
2277,5510
6401,1654
6256,6834
1830,2039
8337,502
5340,701
1999,280
3303,4385
5591,1128
5614,3550
7774,7812
5572,5523
4242,6941
9889,1080
5599,5187
5582,8480
2853,9748
2238,7348
1456,7999
785,1174
2195,5749
107,2231
1938,2400
6329,740
1559,4888
7226,9959
9782,3526
6381,6801
6994,9292
4838,7793
9226,7521
2965,7683
4739,9908
2649,1828
2893,1778
810,1342
7950,8507
1215,7830
1832,6813
6087,1893
7216,7140
2116,3623
9420,531
4386,8813
7552,6552
5181,746
7723,5358
7793,9446
1748,6994
5887,794
6043,1739
2346,4303
5428,8537
2165,8783
3792,4485
3162,5149
9110,5363
1194,3875
7076,8882
3911,6562
9367,806
5218,9383
6835,965
5482,9133
7,3654
2741,7810
6559,9271
2671,6705
7876,8327
4809,2276
5519,900
1625,2715
2369,9991
4417,4076
8562,6503
5418,383
6931,9705
8609,8076
7322,5086
1214,757
5563,4757
1769,6584
2078,6694
936,8329
6326,2331
2151,9625
1344,4896
7277,5024
483,7079
4883,7002
1955,5774
9750,6771
2446,1557
2197,4460
279,5336
2257,45
6440,1310
5207,4940
8626,9692
3403,1281
1479,1144
326,9491
5989,7621
7954,8470
9028,1004
6881,3602
121,5632
9085,4771
928,1421
7634,9313
5883,4186
4075,3030
7416,2838
1854,1714
9091,6778
4011,5219
79,971
7559,9042
4765,3106
4432,6629
8727,9838
6400,3217
736,9367
3311,9976
5753,3462
50,6774
3241,1673
271,3978
5797,2447
807,7148
8668,3247
5546,2317
6811,196
8755,2653
775,7386
2766,3432
3924,5701
3638,88
1021,205
3780,3903
2276,3743
4285,8439
2233,3865
2251,6870
924,9958
3298,2386
5608,2876
4078,5458
9087,6227
3985,8889
9914,9793
2558,649
4057,7327
700,816
9427,2900
7318,5009
8756,3515
231,8466
8663,8894
1195,331
1012,1622
33,3907
5273,3410
9120,3990
350,8742
8061,7040
5530,4563
9897,7403
7298,5616
6503,3642
9404,3244
8862,3875
6960,8757
3020,5832
5584,278
538,83
1229,1889
6637,8179
1905,6626
6696,5589
3522,2340
7381,4219
9933,2825
508,8830
5926,1415
1283,277
5384,734
1115,3436
9577,3117
9420,9344
499,8345
7437,217
8724,2143
2311,6878
645,6141
3435,5292
152,9805
7590,4615
9568,2856
7537,545
2625,3423
5038,8353
2541,3354
3747,9674
6718,3221
2631,2081
3698,6326
6889,3154
3040,5152
6037,1144
9236,5381
6724,6205
6197,1142
5757,871
7074,8627
6093,6822
557,6358
2697,7377
1116,5470
3448,1182
7346,2926
9027,9377
5307,1814
691,3549
6873,55
3724,4170
8601,2170
6389,5151
1135,2485
6425,2754
1130,3813
279,7734
9848,4036
6594,3495
3854,7268
7928,5936
5400,9311
6380,5689
1087,5420
1654,2673
5977,9938
7829,89
464,8050
6713,8865
5377,2261
2340,5803
5865,6368
1288,9771
5834,2616
5026,4809
8840,2203
59,8421
4059,9723
8649,7968
630,2242
5947,7023
2457,5589
2071,84
5638,8644
2661,6506
548,563
8911,6472
3078,4870
3035,711
8271,2222
9715,5775
9243,267
2043,3500
8420,4777
5653,7992
9229,1373
8058,6486
5600,2788
4603,7775
7302,6002
4138,7255
5437,1891
1860,3595
1115,6067
6035,3600
9480,9790
9667,8409
5935,7103
8305,5695
7655,5849
961,7167
6073,253
8117,191
8008,1605
6862,4242
187,7548
3216,3051
6400,5758
3901,6840
863,2044
7373,6929
8412,3714
1104,3526
1774,2811
3145,4433
5946,8529
272,2253
3357,8740
3103,3634
238,7317
5878,6002
3208,8514
9623,9034
9891,8830
5729,7401
2910,3415
5605,9798
6003,8368
6053,5440
6160,2409
4837,5071
7457,4640
2541,1031
573,292
4244,8331
2474,2591
7151,1517
3637,7561
8800,9013
7994,6712
9953,4608
5258,6468
7999,1683
7876,3144
9937,6560
3727,1961
878,5739
6126,8908
7588,4875
9361,139
9237,5656
2930,7689
5644,7377
8837,8358
3836,2719
6438,9983
2149,5271
638,5520
9353,5270
7027,1610
5745,8010
1490,1775
4574,6721
2080,2866
5311,610
9578,8921
6581,9338
660,1057
4596,1214
4031,9437
5227,563
3331,5314
9233,4892
6126,2556
6104,8559
2511,3179
6708,5766
1912,9263
4094,6768
7334,5849
4961,1318
69,8672
6345,7277
1345,2246
5025,9486
4074,5188
451,6370
2299,123
6419,9383
767,5452
7613,3985
5541,7790
1098,4794
9204,8827
8586,7767
7535,5108
8399,2116
3406,8579
6945,13
6872,9359
5042,996
7904,6931
1328,411
5018,3200
1007,8138
1408,6584
9373,9176
5223,7279
7821,5078
3692,4075
9788,7067
4066,2709
4950,3804
4188,5109
8172,246
7249,4309
5144,596
3919,7729
2287,2389
4113,8720
9117,4304
7368,5138
178,5347
6653,6190
8465,350
5845,4208
3791,9678
8240,4911
190,6348
5801,9620
3654,2467
6079,1749
8392,2712
1801,7210
9231,7993
6135,9191
4549,6068
300,9448
6493,327
5006,1886
2200,9113
1274,7525
782,8229
2490,1651
5032,3734
6064,8114
8290,7041
23,7799
2246,4384
4171,637
7987,7984
7304,9729
2264,8073
4314,9080
9827,9618
4760,2399
3608,4949
3453,11
1279,5828
9832,4030
6532,4769
5624,784
8803,8616
1763,9153
3430,4659
5412,4381
388,7884
6428,3299
7023,1658
3667,3790
9876,8310
2149,7197
6106,7239
1765,5810
8269,4892
4300,7914
2914,7835
4211,9690
9607,2223
9148,9255
3740,230
3273,2491
5330,7950
2863,4755
6199,6936
9952,5810
5949,3243
9079,8294
2458,8191
4139,3159
3338,7182
1688,6423
2851,3666
4198,2192
8034,2157
9369,5182
7822,2155
8410,9636
5122,8571
3777,9808
4356,4835
7102,6738
6831,8051
8866,2508
3685,1766
9652,9106
2321,5221
6313,6648
3190,3833
8066,9538
7541,1851
3161,8922
1809,3363
6675,9630
2204,7344
1518,43
4524,435
5636,8485
4761,6999
3449,5974
2772,6359
4422,3601
2203,6744
783,2132
402,3315
2042,8265
4419,4971
334,2919
7815,5945
8790,9104
6932,1670
187,6817
9013,4191
623,6420
518,6416
3730,5691
9609,8245
6453,8823
469,8443
5903,6430
7852,5670
526,8886
7565,162
1419,4330
5333,6834
9626,7846
852,529
401,9230
9435,5222
475,8211
7884,9438
9978,9252
7103,2235
9534,4662
4971,6622
2746,3590
4917,481
923,6166
2872,1233
3970,1179
9393,8992
9206,3927
6531,1335
2517,139
427,9146
7109,450
4642,749
5130,1837
4896,7377
2892,4704
6918,2527
8432,1630
2419,244
7067,306
2234,619
6229,9821
6024,9217
35,9725
4504,3752
2095,5979
111,7881
4093,189
6218,5399
7847,4944
160,7832
6151,8370
9275,780
3344,5656
5891,8621
3127,4332
9275,9304
4793,2650
4624,8437
6561,1383
9766,3810
4942,4502
5384,5387
2912,7075
25,985
5796,1754
5553,4116
9675,3832
1456,5814
2215,8381
1398,2414
6345,9700
9664,7358
6707,3941
8271,6351
1123,8804
4903,6512
4689,5806
3666,1086
4532,6655
6198,6783
1505,7754
1310,2323
7165,6123
297,9569
8945,7386
3911,1255
8178,5435
1224,1950
422,228
9016,8074
5732,1033
1937,6721
4213,7322
99,1362
579,3666
7498,1261
7975,3302
8198,1420
1735,8679
3870,2954
2639,3026
8284,7938
5238,5386
4598,7837
7929,5257
6027,5848
7983,7417
353,5380
5664,5994
1361,4583
7893,1807
6189,688
8563,1980
7481,6455
8914,6442
4492,4905
9872,1472
9690,767
8424,2096
6126,9962
6443,375
4622,4214
3246,8172
2964,7431
6574,9253
6942,6455
836,180
3037,9345
9267,3818
7932,3185
9534,3470
8705,7929
189,1474
2933,3576
6458,9966
4045,2694
9296,7151
5558,7388
6367,4924
6208,8934
704,3902
1324,6255
3898,649
3109,8836
4970,7090
1918,2804
3201,7107
7519,2004
8439,3963
9317,819
1368,6888
4417,1034
3101,9291
2274,783
783,9828
7284,5132
837,261
7668,9537
8518,8420
9286,7600
2868,3226
4063,4236
6694,1331
4061,4785
9855,5291
8997,4464
4600,1537
1712,2649
9401,7125
9051,4663
1479,5692
2843,1473
4758,8371
2383,6999
8798,8646
9742,8944
1771,7145
9845,1119
4887,8154
2063,9124
7665,2273
4237,1970
7474,1802
8497,8095
3317,482
8942,3407
247,5975
6135,8142
3808,1453
5842,2382
5976,172
8240,5895
4398,4861
9743,8934
5855,8420
5267,185
8148,9632
498,7259
5246,5909
378,4258
4508,4625
5354,375
7569,767
9025,338
5138,2899
2424,4295
8276,9802
8825,4069
6942,8772
2223,3829
2569,1621
4418,1664
828,8946
3560,4681
6749,7473
1373,791
7374,4355
2574,3368
874,67
2611,2576
1946,3374
8710,4558
734,6420
7056,2610
1521,81
9879,6282
9088,5875
1412,8956
9804,4889
2280,4427
1566,1194
2700,8767
8124,7072
6989,9941
8873,5053
136,3192
2308,89
3121,2379
4984,1044
3334,5253
71,4407
1818,9099
2677,3745
5500,6402
3745,5507
5150,3086
2551,1434
7854,9266
9405,8082
2590,7551
9615,2148
1935,8734
4832,4297
5735,5934
5666,2518
1074,150
2027,5248
3541,7348
3626,7755
2200,122
9201,6916
8141,7071
3777,5220
7875,6096
4881,1188
6825,1201
9601,4692
8949,1554
5880,8433
6203,767
849,6866
5891,5210
7172,6348
7759,4770
2204,5028
1030,9487
5838,866
8148,8452
1538,9150
7278,3144
9939,9459
334,614
3227,6778
9015,6950
9869,2026
3485,1789
4930,88
5871,9653
6828,6555
2622,6822
2713,9237
1512,3041
2087,3627
8973,4838
371,8429
4198,6374
9523,3786
2491,8720
3859,2505
6419,792
9157,4343
4098,2424
3549,8760
5308,1388
6911,798
3781,9700
2563,9874
9206,7939
7654,5553
9579,2192
3420,905
1667,5977
5346,4780
3574,6715
5139,3554
6806,1385
1870,1943
6608,822
5801,8832
6423,8478
5458,8940
1040,6706
1168,6109
2479,8642
1158,1829
8299,3040
4409,2536
7302,5209
7382,1758
6282,3629
9730,180
662,3254
5399,7975
819,4612
1416,882
6238,7615
5210,5482
2436,5968
7447,1412
328,7850
3239,6440
1060,612
1176,8528
1058,318
7896,6697
695,5611
3616,6374
3474,1137
7450,5464
123,5902
727,9527
8582,9290
4916,4144
9054,9689
8456,924
5867,3963
133,4488
5484,7470
1518,83
8351,6196
4599,8891
3484,4260
8040,9550
9743,644
929,3381
2467,6647
7643,2536
8609,8900
5946,4729
2929,3023
7119,3180
872,3335
650,6117
292,1073
2748,6236
6345,8142
1221,811
1402,3647
2121,2853
6754,3032
9422,8230
9288,3622
6483,9651
2418,6967
3304,1190
9645,8465
7948,4086
3932,2154
6774,1045
8215,5972
7609,5359
2546,3428
5662,1594
1641,646
2425,9997
1085,3017
42,8866
5206,7172
2266,6729
3245,7012
2291,9834
5399,3145
6125,6603
1755,799
2336,5143
5848,5231
8160,6992
1111,6954
514,8095
2929,1255
2670,8169
2845,1419
3315,7028
8374,4
7089,4195
9637,6592
7433,2099
533,9391
6453,4288
3926,8774
1568,3317
7332,4328
1444,1647
1930,137
2525,9520
3037,3793
364,9059
4971,6302
4704,9793
4004,5865
5501,7384
969,7087
4018,6160
5150,3408
9418,422
7234,239
815,1512
924,7404
1150,7467
3694,9655
7088,2423
2772,8314
2871,8304
4420,6756
9114,4798
7141,7099
4290,1909
5655,5168
1021,1444
4980,3788
1152,9783
2751,8096
1521,4608
8102,589
5586,1403
2511,6160
7312,5240
4445,8305
522,6964
1868,6253
998,2280
8056,2720
2090,146
7687,1907
8405,9603
2643,5620
709,5019
1107,503
8382,6107
5065,2605
8534,6169
9189,8395
707,2320
119,1581
7999,265
8249,8584
8493,7554
5373,8818
4210,8862
4302,7418
4966,8677
2168,5678
2021,8734
774,6648
9592,1780
2516,7786
5112,1053
1803,2189
9392,3435
8535,9571
4122,8497
4503,9887
4439,8149
9203,3228
6990,3490
4284,3263
8377,7182
6032,7012
2726,8865
2066,4701
2264,9570
9671,2950
5894,1882
3375,5049
2635,1095
696,1700
3719,185
9103,1980
9334,9753
5129,6813
2354,8020
2431,8099
8770,9068
9363,8255
3379,8263
1755,7464
4165,1517
3479,706
8054,6189
7557,2897
4049,4558
8497,281
3592,8939
8379,1777
4418,2013
683,9264
7491,5300
6236,9323
2115,9060
1048,264
1058,9018
628,8510
4527,7991
2221,6437
8568,4344
8830,4034
1675,8871
8380,5222
1071,1223
5907,3478
3649,4863
5843,3362
4838,5590
3764,8371
7118,61
1243,7989
2884,7810
8129,9102
3681,3539
1316,4641
3637,6264
1787,4533
3674,1521
9065,5260
5935,1813
342,2228
7217,7073
4868,8442
5186,5050
9313,563
2057,3585
8146,3236
6940,6887
8455,6941
449,6002
7064,6995
6500,6950
4774,5793
203,782
7704,3053
158,6386
6943,7709
2443,2669
8931,8185
3295,8476
1421,2353
1968,2179
9890,4172
16,7385
6900,9920
3783,5481
1804,4422
7174,9787
1301,3139
3740,1895
2311,5595
8264,9223
8626,568
6003,8480
4418,2895
5480,7976
1578,2662
4914,2040
2321,4243
9184,4740
994,7055
6952,206
5389,7555
2109,1870
4624,9046
5342,3947
7495,4939
3613,3699
747,6809
8824,8227
6521,4085
3470,8956
94,2440
4558,6977
2313,3577
5004,8864
2441,1949
6107,5189
2044,4611
6458,21
2466,9422
8762,6134
3906,9100
1720,4559
5653,8468
1263,765
1446,3489
7211,7077
5490,3158
787,8467
5431,7375
5466,8048
7486,6124
2443,7035
9563,1562
4555,2422
2465,3881
1379,3118
8158,7640
9403,4310
1420,1225
6104,5885
5537,3259
8487,1739
3474,1914
949,88
5937,9051
5260,3465
4441,4240
1139,1238
26,6374
2700,1551
7983,9518
9740,7373
7764,3672
5288,3279
827,9105
8745,1820
7918,8955
6323,1617
8440,9267
7166,8536
969,8461
8741,2341
3627,6748
4107,6932
5432,6222
7997,2634
5157,7747
5611,2547
3188,8010
7478,18
8977,1483
2729,5158
3645,2423
2893,5523
8018,3035
6564,9854
6060,9726
4331,238
6083,5253
943,2788
654,1743
3596,9926
2559,2087
3905,7761
8117,535
9290,40
6578,8469
873,4380
4183,3866
4102,230
9508,202
4513,8763
3888,6237
8987,5598
6537,8083
9931,7812
5363,6291
3295,293
9868,507
8469,9712
8885,6339
2841,4487
2461,9290
7519,7569
4533,6216
264,2552
9533,9341
4811,9231
1841,7715
1614,5543
5475,8015
9267,5512
4475,5161
3374,3136
4196,2763
660,4329
9828,6404
745,5209
2768,2748
5828,300
9779,3743
6640,9099
681,2646
4004,4867
9271,9814
4687,6532
5587,8468
4793,9888
5205,4434
9207,8107
1403,3502
44,9572
2257,9564
7734,7415
9811,764
2144,307
2930,8070
3597,6997
171,5317
2907,7578
4272,9156
9482,6980
981,4805
7886,9264
4918,3064
5513,3607
7278,84
1397,5017
6861,6352
5603,8938
4409,6998
3304,7983
2471,8303
5400,7664
1308,3331
3432,8337
3251,3086
2885,2716
1573,8015
2062,42
6082,8779
9974,8171
4886,2560
6306,3712
1330,7865
7356,5025
675,7344
2724,5096
7638,5450
5161,4177
829,9057
1115,453
6706,8645
4712,1344
1007,9818
6735,1069
3090,5876
5494,2789
2564,5479
7045,6495
7782,7189
3121,9238
2785,7518
3728,3865
8309,5672
9239,7646
4689,6056
4775,3515
1212,9830
4614,848
5676,7708
3987,934
3341,2531
6181,8040
6717,6480
2044,4010
990,7369
1876,3917
3234,5088
7513,8420
102,4572
73,6972
783,2299
536,4514
2181,5489
7311,8593
7350,9813
2266,6076
261,759
1678,8675
3954,4811
2382,6949
771,3603
2477,6542
8917,5288
3743,7946
8195,6015
6140,1273
8903,9663
7219,7909
1770,8655
3630,6323
3977,4046
4373,4680
7485,4894
7435,7558
751,9382
4795,4242
2558,6323
454,3203
3046,8619
6037,5754
8097,3407
2553,5193
9261,57
4910,6012
104,1413
4734,2908
5485,831
7670,1043
5685,4250
4870,4846
2121,4918
6670,7843
3141,7865
2394,6394
4207,5117
3805,5710
2717,7632
6342,904
2749,4939
8032,8392
6583,9838
1792,5545
1019,7287
2945,7994
6156,8019
9525,7932
1172,5721
1781,7545
7550,426
7658,8912
295,2356
4535,1809
7522,8008
8805,7927
8420,2313
1960,7975
6988,8946
4168,861
7726,2129
9528,5951
3095,2468
9273,4162
1218,7247
8893,7135
9262,9532
4238,5866
2475,2450
4396,7735
3652,8653
9182,8655
7891,9419
4647,3386
7513,9314
5388,7474
8030,4424
5971,3527
5080,6222
6923,2858
3229,422
7481,3810
2414,447
4055,8041
901,5051
8768,6773
7489,5727
1366,3429
8095,4391
9634,2818
6654,9220
5119,4624
9033,9960
7851,2827
9700,1938
215,3093
4206,1788
780,9644
2048,4421
5557,1256
7831,6899
879,6867
6189,836
5180,1320
6002,196
7751,3167
7560,1061
3487,6150
5035,9566
2911,1576
8275,1958
4307,919
9049,2744
5683,887
1248,1492
3688,2178
4151,492
9445,4142
3494,3458
650,2319
6236,4942
4545,2510
2684,1553
5876,1781
835,196
6145,1675
4996,5657
1517,5508
3405,3319
7511,1653
2395,9277
6448,9546
7883,9112
3718,5995
3359,6450
2630,5197
754,1666
8081,189
5311,8178
9825,9804
4388,5935
3443,8153
3028,4928
4369,7790
7081,2991
6847,2997
1547,393
3885,4921
8785,8647
6495,380
2040,6210
7520,9735
4029,5911
8241,5615
345,7129
8730,5782
5186,4972
7814,1744
7365,8070
9966,871
3232,7793
397,7611
8409,6621
6590,8101
4276,8647
2244,987
7590,964
4858,2053
639,8127
8287,2987
1370,9845
3903,2198
8777,6692
8253,5859
171,5321
4063,9280
8477,6016
2348,294
6116,252
2702,3042
9857,57
9962,3464
3905,6724
7454,1377
1260,5573
4977,9441
3595,1117
6256,171
4358,8124
8965,1929
4579,3346
4864,5918
4409,1221
6321,4446
8171,9439
2958,2455
6191,4279
2161,3521
634,975
693,49
3185,9013
8191,7855
4926,1753
2568,1359
3573,3506
5996,4501
1330,4713
6666,4826
9364,1687
2408,2031
9263,8436
9579,4072
2942,1557
9903,6069
5261,1475
6003,6907
7282,2996
8621,1655
2066,6691
3423,3238
1344,9215
3964,3091
8833,6862
9909,4358
7361,6424
8401,5169
5030,3201
5155,2708
8453,7942
2173,3749
6696,8401
5249,507
9004,660
7898,2117
7363,8717
2182,8296
2341,2109
5303,8007
9471,7058
1620,2220
3915,7788
5875,6148
6329,619
322,8782
5755,6848
9141,4274
9033,3324
2532,5917
8836,7069
2231,555
1140,4994
7838,9467
8012,5132
8613,6129
6780,6930
8308,6028
4392,2727
9617,2577
852,4037
7330,8686
6410,2491
870,4016
6025,7663
251,1061
9946,970
6198,777
4529,467
5379,3072
2111,2411
5009,3007
9903,8641
2443,8133
4928,4732
2823,4442
3881,9429
6801,3038
6334,7890
877,803
5546,1689
891,8256
5791,36
6504,7503
2515,8705
9342,5975
994,4695
5438,6978
6719,6934
9864,4413
2025,2939
5918,6491
9242,6846
1600,6559
9951,4122
8786,2093
6930,313
1,6947
199,8695
6803,1340
9396,7690
847,8426
4182,9652
2992,5252
7526,581
4595,2758
4266,9040
3739,2053
3067,2440
8289,2001
5887,7703
8520,2390
4029,9134
1297,1452
7276,1459
2687,5738
4742,1780
8067,1492
1567,280
3614,9397
1136,182
3999,9917
3336,3769
8765,4790
2805,3006
5700,729
6132,10
6778,1223
3037,7332
2863,2039
4058,627
1573,6536
2933,7354
7293,4061
4101,8316
9791,6585
3409,7565
8354,7686
2613,5545
9834,6207
7213,6825
8326,7400
5296,1518
1234,3754
4190,2390
1058,8089
2605,8151
9574,4321
7007,8151
6595,2518
2864,5182
12,897
8840,5174
2690,3361
2297,3524
7902,9994
8959,1763
5647,6710
9737,3689
1679,2370
2755,4857
4009,214
6492,1163
8782,9985
4722,489
6246,8451
5775,2478
120,9621
6414,919
9740,8959
7413,556
2484,9998
8242,1446
9098,8391
2878,6264
2712,427
2509,5739
1348,4266
5356,3458
493,9115
4974,7396
4366,7768
9212,2363
680,6409
8359,2819
2732,1187
3516,54
4468,6666
6257,9551
1586,6343
5186,1288
2526,8405
2992,3332
7016,3265
5253,4291
4489,3816
8667,1163
2301,4406
6956,3396
6548,1516
6403,84
1780,4979
384,6155
9805,3841
4942,8819
3672,5069
1989,6612
8381,6100
601,5608
3806,6455
6401,7389
5853,9165
4186,5417
2437,8650
1705,6790
4708,3942
1211,546
7326,9422
4545,7006
3460,1369
2655,9967
2623,6346
7631,256
9245,1329
5161,1990
8590,895
8801,5427
1096,7299
555,5512
1601,3634
8367,9474
2252,7943
6740,7362
6915,1099
7138,8524
7706,7839
1067,399
3157,3956
3055,2872
2762,6187
773,9676
2366,7173
6496,8213
1813,8335
8694,7643
1394,4156
2689,1585
4949,4528
9018,1783
6132,7657
5094,9329
1644,7805
1223,2651
5796,279
4595,5241
270,5019
1129,8201
5655,3633
1696,5824
6699,3224
921,5199
2802,1326
7283,6944
7414,5847
5315,3554
7395,4974
6310,8527
7870,7947
7405,8977
154,4517
9675,6870
1455,549
2905,8887
7171,5984
2099,3502
4270,8344
9892,520
3008,1031
5122,1934
7895,7880
51,1732
5684,3362
7882,5048
4572,7548
2337,7309
4923,2526
2644,5672
8565,9230
2461,4252
1040,6575
8449,6136
4854,1636
1415,6976
899,2713
2602,7301
2080,6630
5021,2887
3329,5174
4568,244
9575,2573
3210,6503
8229,12
6046,3205
8289,4728
2300,8448
8846,829
3891,7151
1011,3308
5151,7465
2755,1868
7215,3904
9839,4413
2426,8091
2454,6640
5851,5805
608,6453
930,8805
2003,9651
6197,455
145,523
5796,7454
7856,6620
6668,6393
884,3524
9992,3047
9714,2904
6121,8395
2083,9170
6799,7625
1603,5917
2847,5700
543,3260
1606,2251
7852,4442
5703,6597
3331,124
5638,9016
7099,2583
6251,9693
3878,7089
1247,5008
1628,9041
6054,4673
3282,6784
3969,9536
6497,2457
1463,1423
5101,6107
9814,6056
9472,1890
9722,8563
1438,7068
8715,3870
8750,2202
6170,9371
9934,4196
5359,1091
6973,2163
6818,800
5257,147
5329,4177
5302,499
8519,5758
2705,5191
5673,4795
392,5413
192,1658
483,1425
8300,6578
217,7816
3923,4235
36,667
2960,2960
4083,5032
5097,3419
3724,2949
7489,1784
3530,2650
8554,6515
2506,5863
7764,8585
5498,2541
2760,5738
9657,3555
8782,2300
6114,5455
1051,4694
1348,3778
506,3816
4981,3412
5837,8299
5558,9751
7733,7416
3501,212
2060,1152
3064,5019
6755,8429
3235,4496
5090,4162
7309,2577
1200,6051
3045,355
2118,422
8058,7329
1637,6137
6747,1932
8598,8367
1442,3204
9455,7488
4928,9540
8214,1862
8501,8551
5447,4814
26,2542
6009,2942
4921,8418
1365,4799
7776,679
2143,3554
2069,7710
1085,1024
3935,8640
4407,8297
662,7513
6149,2288
4955,4935
5944,7846
4314,5468
6332,7746
5264,5455
8766,929
4264,4948
444,7576
9583,1759
1102,5819
3174,4819
296,9669
3986,5715
3410,3293
6232,3456
770,5284
3139,2193
142,8235
8254,7861
1744,27
5383,5149
3025,3142
1727,2145
8619,6616
845,7547
2050,734
6623,8733
826,3463
2678,3503
7996,212
9836,6135
9800,9370
5176,6689
2607,9242
1738,9253
4935,9519
4283,1054
9534,1037
3605,4347
6927,8185
6488,1977
894,7684
9606,98
2724,9763
5820,8798
1365,5367
2826,5306
7341,5026
6616,5384
1826,3636
6128,5890
449,2157
6207,3784
2067,9465
9586,7827
1203,6872
1401,5240
1255,89
2586,4616
5984,6845
3656,5786
6167,4823
6818,6654
581,7192
6848,837
564,5797
8090,710
3646,3270
7414,4942
5628,6269
7885,7094
7023,6607
442,6815
4626,8215
8646,9381
4749,2945
7399,9708
7072,3870
5299,1036
9648,3828
6841,6885
9542,4465
4294,5171
9164,7464
6474,8736
8837,986
1869,7315
5558,5956
3244,495
8021,9253
4015,9747
2167,8957
3725,9708
6696,5218
7359,6432
4764,2107
8249,7020
2312,2404
1255,7477
678,696
2252,3664
7088,3499
7242,1695
4631,1529
8997,8411
9422,4597
5681,8656
4026,5600
5650,3614
9308,7185
6080,5571
7907,8982
2044,7721
4907,7053
8,3489
2778,9589
8600,604
6422,4948
1463,8209
5576,395
6684,9157
7000,2929
8998,1661
4475,6614
6802,6659
7690,1142
2974,4347
6733,5062
5354,8206
1149,519
1171,7270
5793,3804
4556,5607
6826,6605
6684,6953
718,4783
7879,2143
9195,1111
2822,8928
6349,9819
83,2010
5291,6097
1180,6540
975,8053
174,5626
620,3571
9346,1956
8962,615
5388,8167
9616,8479
5089,650
2974,3547
8625,5051
4369,4003
4837,8972
3951,5944
4335,7191
3048,6230
5709,125
5191,1722
8933,5441
2982,2630
469,7975
5051,4232
2177,6989
3328,6387
5533,3302
1193,4546
5209,9085
6873,1466
